Player ,Position,Team,Year,ConfStanding,era ,w,l ,app,gs ,cg ,isho ,csho,sv ,ip ,h ,r ,er ,bb ,so ,2b ,3b ,hr ,ab ,bavg ,wp ,hbp ,bk ,Award
Towne,P,CMU,2009,1,7.71,0,1,10,0,0,0,0,0,14,15,13,12,9,15,1,0,3,55,0.273,0,4,0,0
Jorgensen,P,CCU ,2016,8,14.21,1,1,11,1,0,0,0,0,12.2,25,24,20,11,11,5,1,1,61,0.41,2,1,0,0
Capra,P,RU,2013,4,8.25,2,3,8,7,0,0,1,0,24,28,22,22,26,19,7,0,3,94,0.298,3,4,0,0
Harshman,P,CSUP ,2008,7,10.2,1,1,11,3,0,0,0,0,30,50,50,34,24,15,7,0,6,140,0.357,6,4,2,0
Wilde,P,CSUP ,2016,3,6,0,0,3,0,0,0,0,0,3,3,2,2,2,4,1,0,0,11,0.273,1,0,0,0
Dunn,P,CSUP ,2011,4,2.57,1,0,1,1,1,0,0,0,7,8,2,2,0,5,1,0,0,29,0.276,1,0,0,0
Fudge,P,NMHU ,2015,5,13.5,0,0,1,0,0,0,0,0,0.2,2,1,1,0,2,1,0,0,4,0.5,0,0,0,0
Castaneda,P,CSUP ,2016,3,7.59,0,0,11,0,0,0,0,0,10.2,21,12,9,0,6,6,0,1,55,0.382,0,1,1,0
Gorzitze,P,CMU,2010,2,7.77,1,1,7,3,0,0,0,0,22,32,23,19,9,6,5,1,4,99,0.323,2,3,0,0
Smiley,P,CSM ,2008,5,11.27,1,3,14,7,0,0,0,0,42.1,78,66,53,25,27,23,1,6,192,0.406,3,4,0,0
Trujillo,P,NMHU ,2016,7,10.86,1,3,13,4,0,0,0,1,29,42,37,35,21,18,6,1,2,118,0.356,2,3,2,0
Schwein,P,RU ,2015,7,6.17,2,4,15,8,0,0,0,1,54,79,47,37,15,28,8,3,3,238,0.332,8,2,1,0
Evans,P,CSM,2010,7,13.5,0,0,3,0,0,0,0,0,2,3,3,3,0,1,3,0,0,8,0.375,1,1,0,0
Gutierrez,P,NMHU ,2015,5,6.55,1,0,7,5,1,0,0,0,33,42,24,24,11,24,7,1,4,133,0.316,3,5,1,0
Roberts,P,CMU ,2016,1,3.52,1,0,11,0,0,0,1,0,7.2,12,3,3,2,7,5,1,0,32,0.375,2,2,0,0
Hall,P,UNK ,2008,4,7.84,3,0,19,0,0,0,0,1,31,51,34,27,17,19,8,2,5,134,0.381,3,1,0,0
Wright,P,ASU,2014,6,9.58,0,1,14,0,0,0,0,1,20.2,30,25,22,14,10,3,1,3,88,0.341,3,4,2,0
McDermott,P,NMHU ,2012,2,6.17,0,0,11,0,0,0,0,0,11.2,10,12,8,9,5,1,0,0,43,0.233,0,1,0,0
Shea,P,CMU,2009,1,7.47,3,1,11,6,0,0,0,1,31.1,48,29,26,16,18,10,0,1,130,0.369,1,3,0,0
Reynolds,P,CCU,2013,8,10.05,0,1,15,1,0,0,1,0,14.1,23,20,16,7,8,7,0,1,64,0.359,4,2,0,0
Clemens,P,CSUP ,2012,3,6.32,5,2,15,10,1,1,0,0,62.2,85,49,44,32,18,17,1,2,264,0.322,7,5,3,0
Sirak,P,NMHU ,2012,2,5.65,7,1,17,12,1,1,0,1,78,102,61,49,18,47,14,3,7,323,0.316,2,7,1,0
Perlitsh,P,CSUP,2009,3,1.64,2,1,7,1,0,0,0,0,11,14,4,2,5,5,1,0,0,43,0.326,1,2,1,0
O'Conner,P,UNK,2010,3,6.9,7,4,14,13,2,0,1,0,60,67,50,46,29,51,11,0,6,242,0.277,6,12,3,0
Ogden,P,CMU ,2008,1,9,1,0,10,0,0,0,0,0,12,20,13,12,4,13,5,0,4,54,0.37,2,0,0,0
Urso,P,CSUP,2009,3,10.5,1,1,13,4,0,0,1,1,24,34,29,28,28,32,9,0,3,102,0.333,5,8,0,0
Menard,P,CSM ,2017,2,12.79,0,1,5,0,0,0,0,0,6.1,13,9,9,3,2,1,0,1,29,0.391,1,1,0,0
Bachman,P,CMU,2010,2,8.13,3,6,12,12,2,1,1,0,65.1,95,67,59,22,46,23,0,9,273,0.348,0,12,0,0
Guyer,P,CCU,2010,8,9,0,0,2,0,0,0,0,0,2,5,3,2,0,1,0,0,1,12,0.417,0,0,0,0
Keith,P,NMHU,2009,2,4.3,2,1,17,0,0,0,0,1,29.1,37,17,14,7,20,3,0,3,120,0.308,1,0,0,0
Gimenez,P,CSUP ,2016,3,2.25,0,0,4,0,0,0,0,0,4,7,3,1,0,3,2,1,1,21,0.333,0,0,0,0
Brandon,P,NMHU ,2017,7,3.48,1,2,17,0,0,0,0,4,20.2,26,11,8,7,25,7,1,1,109,0.294,4,4,0,0
Wiemers,P,ASU,2014,6,8.37,2,6,13,10,1,0,0,0,52.2,79,55,49,25,29,15,0,8,225,0.351,2,5,3,0
Bevington,P,CSUP ,2015,2,4.68,2,2,16,3,0,0,0,0,32.2,34,17,17,9,19,5,0,2,130,0.262,0,0,0,0
Hampe,P,CMU ,2008,1,6.37,1,1,12,5,0,0,0,0,35.1,41,33,25,13,14,9,2,4,144,0.285,2,3,0,0
Tomlinson,P,CCU ,2008,8,7.09,1,4,17,3,0,0,0,1,39.1,54,41,31,12,23,7,1,5,172,0.314,3,8,1,0
Visinoni,P,CSUP ,2017,4,2.76,2,0,11,0,0,0,0,0,16.1,18,14,5,8,16,4,0,1,52,0.295,1,0,0,0
Whitman,P,CSUP,2009,3,4.91,0,0,2,0,0,0,0,0,3.2,2,2,2,2,7,0,0,1,13,0.154,0,0,0,0
Wiemers,P,ASU,2013,7,7.96,3,4,17,4,0,0,1,1,31.2,52,31,28,19,16,8,2,4,137,0.38,7,5,1,0
Sandoval,P,CMU ,2015,1,1.69,0,0,5,0,0,0,0,0,5.1,4,2,1,6,6,1,0,0,21,0.19,1,2,0,0
Swanson,P,NMHU,2009,2,7.56,0,0,8,0,0,0,0,1,8.1,14,7,7,2,1,1,0,2,33,0.424,0,2,0,0
Garcia,P,ASU ,2017,9,3.16,2,0,5,4,0,0,0,0,25.2,23,11,9,5,35,3,0,2,71,0.331,3,3,1,0
Allianic,P,CMU,2014,1,2.4,1,1,11,1,0,0,0,2,15,15,5,4,6,11,0,0,1,57,0.263,0,3,0,0
Thornton,P,NMHU ,2008,6,6.64,4,0,21,4,0,0,0,0,61,99,52,45,18,51,17,2,4,265,0.374,7,3,2,0
Rochford,P,ASU,2013,7,11.03,0,2,14,1,0,0,1,0,23.2,44,37,29,16,19,8,0,1,114,0.386,3,1,0,0
Martin,P,CSM ,2017,2,18,0,0,5,0,0,0,0,0,4,8,8,8,8,2,1,0,1,16,0.435,1,1,0,0
Blomster,P,CSM ,2017,2,4.45,5,2,11,11,0,0,1,0,56.2,59,30,28,23,47,14,2,5,248,0.294,2,2,1,0
Olinger,P,CSM,2013,5,12.15,1,1,5,1,0,0,1,2,6.2,12,11,9,6,6,0,0,1,30,0.4,1,1,0,0
Piho,P,NMHU ,2008,6,7.22,3,10,16,15,1,0,0,0,72.1,103,65,58,35,32,24,4,6,310,0.332,9,11,0,0
Martin,P,CSM ,2015,6,4.29,1,2,11,2,0,0,0,1,21,23,15,10,7,12,6,0,4,82,0.28,2,3,1,0
Ball,P,CSUP,2014,3,7.71,0,0,6,0,0,0,0,0,9.1,11,8,8,7,5,0,1,3,36,0.306,0,2,0,0
Picconi,P,RU,2013,4,99,0,0,1,0,0,0,1,0,0,0,2,2,2,0,0,0,0,0,0,0,0,0,0
Demello,P,CMU ,2012,1,0,0,0,2,0,0,0,0,0,2.1,1,0,0,0,1,1,0,0,8,0.125,0,0,0,0
Silva,P,RU ,2008,3,10.5,1,1,7,4,0,0,0,1,18,21,21,21,26,16,6,0,3,69,0.304,9,6,1,0
Pepin,P,MSUD ,2017,3,27,0,0,3,0,0,0,0,0,1.1,3,7,4,7,1,1,0,0,12,0.469,0,0,0,0
Sawyer,P,CMU ,2011,2,5.29,2,0,13,0,0,0,0,1,17,19,11,10,6,16,5,0,1,68,0.279,2,2,2,0
Peters,P,UNK ,2012,5,7.52,5,5,13,12,4,0,0,0,61,101,64,51,15,43,22,3,8,282,0.358,7,13,0,0
Ginter,P,CSUP,2013,2,7.17,2,4,15,0,0,0,1,1,21.1,26,21,17,12,22,5,0,2,91,0.286,4,7,1,0
Keaton,P,ASU ,2016,4,6.68,3,6,15,12,2,0,0,0,68.2,79,62,51,51,87,14,1,6,280,0.282,16,6,0,0
Tanner,P,CSM ,2016,2,7.71,0,0,5,0,0,0,0,0,4.2,5,4,4,4,2,0,1,0,17,0.294,1,1,1,0
Aramovich,P,ASU,2014,6,6.39,0,0,7,0,0,0,0,0,12.2,19,11,9,6,8,5,0,1,52,0.365,2,3,0,0
Trulin,P,UNK,2009,5,0,0,0,1,0,0,0,0,0,0,0,0,0,0,0,0,0,0,0,0,0,0,0,0
Silva,P,RU ,2008,3,10.5,1,1,7,4,0,0,0,1,18,21,21,21,26,16,6,0,3,69,0.304,9,6,1,0
Atkerson,P,CCU ,2015,8,6.07,1,8,12,10,0,0,0,0,59.1,81,46,40,22,41,20,3,7,247,0.328,7,6,1,0
Gutierrez,P,NMHU ,2016,7,3.68,1,2,15,1,0,0,0,3,36.2,39,16,15,6,30,5,1,1,138,0.283,4,8,1,0
Hemphill,P,RU,2013,4,11.05,0,0,5,0,0,0,1,0,7.1,13,10,9,6,10,3,0,0,32,0.406,1,0,1,0
Picconi,P,RU,2014,5,13.5,1,1,12,1,0,0,0,0,16.2,42,30,25,9,7,5,0,2,87,0.483,0,5,1,0
Williams,P,ASU,2014,6,7.71,1,4,13,8,0,0,0,0,49,88,46,42,10,17,13,3,4,231,0.381,0,6,0,0
Allen,P,CMU,2013,1,3.52,0,0,9,0,0,0,1,0,7.2,8,5,3,2,5,0,0,0,32,0.25,0,0,0,0
Roth,P,MSUD,2014,7,6.39,0,3,5,5,0,0,0,0,25.1,36,22,18,8,12,10,1,3,109,0.33,2,4,0,0
Wilborn,P,CCU,2009,7,6.72,6,8,17,14,2,0,1,0,87,108,78,65,50,74,23,2,11,357,0.303,2,8,0,0
Moore,P,CCU,2013,8,9.91,1,4,16,6,0,0,1,0,36.1,61,46,40,22,21,12,0,3,159,0.384,6,10,2,0
Wright,P,CCU ,2017,8,13.5,0,1,8,0,0,0,0,3,6,6,10,9,6,12,3,0,1,43,0.349,1,3,0,0
Lofink,P,ASU ,2017,9,11.88,1,2,16,0,0,0,0,1,16.2,32,28,22,22,12,6,1,2,93,0.361,3,3,1,0
Clark,P,NMHU,2014,2,5.95,2,1,15,6,0,0,0,1,39.1,58,31,26,19,26,5,2,0,163,0.356,5,2,1,0
Jacobs,P,MSUD ,2012,7,5,3,3,14,0,0,0,0,4,18,22,11,10,14,21,3,0,2,72,0.306,7,0,0,0
Lambert,P,CSM,2014,4,13.5,0,0,2,0,0,0,0,0,1.1,4,3,2,1,0,2,0,0,8,0.5,1,1,0,0
Herrin,P,CSM,2013,5,7.52,0,2,13,1,0,0,1,1,20.1,22,21,17,15,17,2,0,2,78,0.282,1,8,0,0
Schmitt,P,ASU,2013,7,9.54,2,6,13,11,0,0,1,0,50,91,68,53,18,25,14,5,8,233,0.391,2,4,1,0
Phillips,P,CSM,2014,4,12,0,0,3,0,0,0,0,0,3,8,4,4,1,4,3,0,0,16,0.5,1,0,0,0
O'Donnell,P,MSUD ,2016,5,3.38,1,1,10,0,0,0,0,1,16,15,8,6,4,14,5,0,1,63,0.238,0,0,0,0
Riley,P,CMU,2010,2,7.71,4,5,14,2,0,0,0,1,28,39,26,24,15,15,7,0,5,120,0.325,2,3,1,0
Crawford,P,CCU,2013,8,5.64,2,9,13,12,4,1,1,0,67,76,47,42,37,42,18,3,2,263,0.289,13,7,1,0
Boganowski,P,UNK ,2008,4,7.56,2,3,21,4,0,0,0,0,50,77,50,42,13,25,15,0,7,224,0.344,4,3,2,0
Brower,P,CCU,2013,8,5.91,0,0,14,0,0,0,1,0,10.2,7,9,7,10,3,0,1,0,39,0.179,3,1,1,0
Bonati,P,RU ,2008,3,8.5,3,4,13,11,0,0,0,0,54,68,66,51,55,36,11,0,9,221,0.308,14,13,1,0
Nutsch,P,ASU ,2016,4,10.12,1,1,10,0,0,0,0,1,18.2,38,23,21,9,14,11,0,2,86,0.442,6,0,0,0
Moxley,P,CSM ,2017,2,8.31,0,3,9,2,0,0,0,0,17.1,23,22,16,9,7,5,1,1,65,0.351,3,4,0,0
De Fratus,P,CSUP ,2011,4,4.66,0,0,10,0,0,0,0,1,9.2,11,6,5,4,4,3,1,1,36,0.306,1,1,2,0
Thomas,P,CSM ,2016,2,4.3,4,3,11,11,0,0,0,0,60.2,86,35,29,18,39,8,2,5,252,0.341,3,0,1,0
Megyeri,P,CSUP,2013,2,1.64,1,0,9,0,0,0,1,0,11,7,2,2,1,7,0,0,0,38,0.184,2,2,0,0
Wiemers,P,ASU ,2015,4,9.85,0,1,10,6,0,0,0,0,28.1,45,36,31,18,19,11,3,3,121,0.372,0,8,0,0
McBeth,P,RU,2010,6,5.19,0,0,3,0,0,0,0,0,8.2,14,9,5,5,0,3,0,3,38,0.368,1,0,0,0
Martinez,P,NMHU ,2008,6,8.4,1,1,13,1,0,0,0,7,15,20,15,14,12,14,5,1,1,58,0.345,3,0,1,0
Aramovich,P,ASU,2013,7,12.63,0,7,13,8,0,0,1,0,41.1,73,62,58,26,25,15,6,4,187,0.39,16,6,2,0
Ast,P,CSM,2010,7,7.81,2,6,12,12,1,0,0,0,68,93,66,59,36,63,14,1,6,277,0.336,6,7,0,0
Capistran,P,CMU ,2012,1,5.68,0,0,5,0,0,0,0,0,6.1,8,6,4,1,3,3,0,0,27,0.296,0,1,1,0
Evans,P,CSM,2010,7,13.5,0,0,3,0,0,0,0,0,2,3,3,3,0,1,3,0,0,8,0.375,1,1,0,0
Bednarski,P,CCU ,2015,8,8.72,1,4,13,5,0,0,0,0,42.1,68,48,41,24,18,12,2,6,179,0.38,3,10,1,0
Wagner,P,CSM,2010,7,9.53,0,0,6,0,0,0,0,0,5.2,6,6,6,2,3,1,0,2,22,0.273,2,3,0,0
Carpenter,P,CMU,2010,2,7.88,0,0,2,2,0,0,0,0,8,9,8,7,5,10,0,1,1,30,0.3,0,1,1,0
Castaneda,P,CSUP ,2017,4,10.8,0,0,4,0,0,0,0,0,6.2,9,10,8,3,4,2,0,0,17,0.258,1,1,0,0
Ast,P,CSM,2009,8,7.12,1,11,12,12,0,0,0,0,67,104,81,53,29,66,19,4,5,298,0.349,7,8,1,0
Schweninger,P,NMHU ,2008,6,8.85,3,1,15,5,1,0,0,0,40.2,62,41,40,19,22,12,0,5,170,0.365,4,8,0,0
O'Conner,P,UNK,2010,3,6.9,7,4,14,13,2,0,1,0,60,67,50,46,29,51,11,0,6,242,0.277,6,12,3,0
Grieve,P,NMHU,2009,2,4.89,2,1,16,2,0,0,0,2,38.2,44,23,21,14,24,3,0,4,157,0.28,6,1,1,0
Delay,P,CMU ,2015,1,6.12,2,1,7,7,0,0,1,0,25,39,21,17,8,30,8,0,4,111,0.351,4,1,0,0
O'Donnell,P,MSUD ,2017,3,3.77,2,1,13,0,0,0,0,7,14.1,14,6,6,7,15,2,0,1,50,0.283,2,1,0,0
Sherry,P,ASU ,2016,4,9.97,1,3,14,2,0,0,0,0,21.2,29,25,24,23,10,7,2,0,85,0.341,7,2,0,0
Englehart,P,CSM ,2015,6,6.75,0,0,9,2,0,0,0,0,29.1,42,25,22,14,11,13,0,2,122,0.344,2,1,0,0
Stroup,P,MSUD ,2016,5,5.71,2,1,13,7,0,0,0,0,41,52,38,26,12,18,11,1,2,168,0.31,0,10,1,0
Perlitsh,P,CSUP,2009,3,1.64,2,1,7,1,0,0,0,0,11,14,4,2,5,5,1,0,0,43,0.326,1,2,1,0
Chavez,P,NMHU ,2015,5,0,0,0,1,0,0,0,0,0,0.2,0,0,0,1,1,0,0,0,2,0,0,0,0,0
Hernandez,P,CSUP ,2008,7,9.72,2,8,15,9,5,0,0,1,58.1,82,71,63,52,47,18,4,3,246,0.333,13,9,1,0
Kaiser,P,CCU ,2008,8,3.96,7,6,15,14,8,2,0,1,91,102,61,40,45,70,21,2,2,368,0.277,8,11,0,0
Perkins,P,CMU ,2011,2,6.14,0,1,7,0,0,0,0,0,7.1,8,5,5,4,8,2,0,1,28,0.286,0,1,0,0
Thomas,P,CSM ,2017,2,4.54,4,3,12,12,1,0,0,0,67.1,87,44,34,19,56,12,2,5,240,0.305,4,5,1,0
Timmins,P,CSUP ,2008,7,5.55,2,2,11,5,0,0,0,0,35.2,33,27,22,34,24,9,3,3,138,0.239,4,5,0,0
Storm,P,CSM,2014,4,0,0,0,5,0,0,0,0,0,7,6,0,0,1,5,0,0,0,25,0.24,1,0,0,0
Fudge,P,NMHU ,2015,5,13.5,0,0,1,0,0,0,0,0,0.2,2,1,1,0,2,1,0,0,4,0.5,0,0,0,0
Brown,P,ASU ,2017,9,0,0,0,1,0,0,0,0,0,1,1,0,0,0,0,0,0,0,8,0.163,0,0,0,0
Brennan,P,NMHU ,2016,7,14.09,0,0,7,0,0,0,0,0,7.2,18,14,12,8,7,2,1,1,40,0.45,2,1,1,0
Wagner,P,CSM,2010,7,9.53,0,0,6,0,0,0,0,0,5.2,6,6,6,2,3,1,0,2,22,0.273,2,3,0,0
Stastny,P,CCU ,2011,8,7.22,1,11,14,14,5,0,0,0,81,97,76,65,40,56,12,6,3,324,0.299,7,11,3,0
Perlitsh,P,CSUP,2009,3,1.64,2,1,7,1,0,0,0,0,11,14,4,2,5,5,1,0,0,43,0.326,1,2,1,0
Nutsch,P,ASU,2014,6,47.25,0,0,5,0,0,0,0,0,2.2,14,16,14,5,2,1,2,1,22,0.636,0,1,0,0
Carma,P,CMU,2009,1,7.4,7,4,16,14,2,0,0,0,69.1,106,70,57,31,56,15,1,10,298,0.356,6,9,1,0
Hall,P,CSUP ,2017,4,0,0,0,1,0,0,0,0,0,1,1,0,0,0,1,0,0,0,5,0.062,0,0,0,0
Ricklefs,P,CSUP ,2017,4,5.09,3,3,19,3,1,0,0,4,35.1,37,26,20,18,22,6,1,2,112,0.261,3,3,0,0
Kaasch,P,MSUD ,2017,3,9,1,0,5,0,0,0,0,0,5,4,5,5,8,2,2,0,0,21,0.33,1,1,0,0
Evans,P,CMU ,2012,1,6.41,4,3,14,12,1,1,1,0,66,74,53,47,24,58,8,2,1,268,0.276,5,3,2,0
Kozloski,P,RU ,2008,3,7.71,7,4,11,11,4,1,0,0,60.2,88,55,52,19,46,14,2,8,263,0.335,10,5,0,0
McDermott,P,NMHU ,2012,2,6.17,0,0,11,0,0,0,0,0,11.2,10,12,8,9,5,1,0,0,43,0.233,0,1,0,0
Gabbert,P,NMHU,2010,1,6.75,0,0,12,1,0,0,1,0,13.1,16,10,10,12,9,2,1,1,51,0.314,3,5,1,0
King,P,NMHU ,2012,2,0,0,0,1,0,0,0,0,0,1,1,0,0,0,0,0,0,0,4,0.25,0,0,0,0
Seefus,P,UNK,2009,5,6.64,1,3,16,5,0,0,0,0,40.2,54,46,30,29,24,7,0,3,173,0.312,7,7,0,0
Luzon,P,MSUD,2013,6,6.87,3,1,16,0,0,0,1,0,18.1,23,16,14,13,8,9,0,2,72,0.319,7,4,0,0
Aramovich,P,ASU,2014,6,6.39,0,0,7,0,0,0,0,0,12.2,19,11,9,6,8,5,0,1,52,0.365,2,3,0,0
Kennedy,P,RU ,2015,7,8.49,0,3,14,2,0,0,0,0,23.1,45,27,22,11,17,8,2,2,108,0.417,4,3,0,0
Hernandez,P,CSUP ,2015,2,40.5,0,0,3,0,0,0,0,0,0.2,3,4,3,1,0,0,0,0,5,0.6,0,0,0,0
Gojan,P,MSUD ,2012,7,4.24,0,2,3,3,2,0,0,0,17,13,10,8,9,12,3,0,0,62,0.21,0,2,1,0
Nelson,P,NMHU ,2016,7,8.1,2,2,13,0,0,0,0,0,10,14,9,9,9,10,3,0,3,44,0.318,2,1,0,0
Sanchez,P,RU ,2016,6,14.4,0,0,5,0,0,0,0,0,5,10,8,8,5,2,2,0,2,24,0.417,2,1,0,0
Gavin,P,ASU ,2017,9,16.3,0,1,10,2,0,0,0,0,17.2,32,32,32,15,8,5,1,3,61,0.392,2,2,0,0
Vela,P,NMHU ,2011,6,4.96,3,3,13,9,0,0,2,0,52.2,53,34,29,33,47,8,1,4,205,0.259,2,4,3,0
Heibult,P,RU ,2017,6,7.13,4,6,15,11,0,0,0,0,65.2,104,67,52,23,43,17,3,6,270,0.331,6,8,1,0
Prokopis,P,CMU ,2016,1,3.94,3,1,14,1,0,0,0,0,32,29,17,14,12,20,6,2,3,116,0.25,2,7,0,0
Fuhrman,P,CSUP ,2017,4,27,0,0,3,0,0,0,0,0,1.2,8,6,5,1,0,2,0,0,16,0.525,1,0,0,0
Gilman,P,CSM,2014,4,6.22,5,5,11,11,1,0,0,0,63.2,85,48,44,18,45,11,3,3,269,0.316,6,3,0,0
Jamison,P,MSUD,2010,4,5.78,4,4,13,13,3,0,0,0,76.1,94,66,49,50,43,19,0,10,310,0.303,17,10,0,0
Cardinale,P,CMU ,2016,1,21,0,1,2,2,0,0,0,0,3,2,7,7,5,2,0,0,0,10,0.2,0,0,0,0
Cheek,P,CCU,2010,8,7.43,3,9,20,10,4,0,0,0,80,138,86,66,22,44,36,2,10,364,0.379,7,8,0,0
Demello,P,CMU ,2012,1,0,0,0,2,0,0,0,0,0,2.1,1,0,0,0,1,1,0,0,8,0.125,0,0,0,0
Griffith,P,RU ,2017,6,5.21,0,1,20,0,0,0,0,0,19,19,13,11,12,11,5,0,2,89,0.297,2,3,0,0
Lamaster,P,CMU ,2008,1,6.2,3,4,19,3,0,0,0,4,40.2,40,28,28,24,45,10,1,2,152,0.263,1,6,0,0
Munsil,P,CCU ,2008,8,21.27,0,1,8,1,0,0,0,0,11,29,36,26,11,6,5,1,3,61,0.475,3,4,0,0
Edson,P,UNK,2009,5,6.75,0,0,3,0,0,0,0,0,4,7,5,3,2,1,1,0,0,18,0.389,0,0,0,0
Wodiuk,P,CMU ,2017,1,2.41,2,0,18,0,0,0,1,1,18.2,15,6,5,5,12,4,1,1,71,0.306,2,2,1,0
Ginn,P,CCU ,2017,8,4.62,2,3,18,1,0,0,1,1,25.1,37,22,13,8,24,7,0,2,104,0.314,2,3,0,0
Hansen,P,NMHU,2013,3,4.3,4,3,9,9,1,0,1,0,58.2,63,39,28,10,35,15,2,5,231,0.273,1,3,0,0
Piho,P,NMHU,2009,2,16.52,2,1,11,3,0,0,0,0,22.1,56,44,41,11,16,13,1,5,112,0.5,5,6,0,0
Hall,P,UNK,2010,3,5.68,1,1,12,0,0,0,0,0,19,27,19,12,8,11,3,1,3,87,0.31,2,5,0,0
Rogers,P,CSM ,2008,5,8.74,2,8,14,14,1,0,0,0,79.1,138,89,77,15,51,33,5,16,366,0.377,6,4,0,0
Brown,P,NMHU ,2015,5,5.4,0,2,4,1,0,0,0,0,6.2,14,8,4,1,7,0,1,2,31,0.452,1,1,0,0
Arnold,P,MSUD ,2017,3,7.2,0,0,5,0,0,0,0,0,5,7,4,4,3,6,2,0,1,22,0.332,1,1,0,0
Clark,P,NMHU,2013,3,8.71,3,0,14,0,0,0,1,0,20.2,28,21,20,14,20,1,3,3,86,0.326,0,5,1,0
Moore,P,CMU,2010,2,17.76,2,1,11,1,0,0,0,0,12.2,30,25,25,11,9,2,0,4,68,0.441,3,1,0,0
Heyliger,P,RU ,2015,7,0,0,0,1,0,0,0,0,0,1,1,0,0,0,0,0,0,0,4,0.25,0,0,0,0
Fontneau,P,CCU ,2017,8,11.03,0,1,19,1,0,0,0,0,23.2,36,30,29,16,14,9,1,2,101,0.369,3,4,0,0
Behr,P,CMU ,2012,1,4.4,3,0,11,0,0,0,1,0,14.1,14,8,7,2,15,3,0,1,53,0.264,1,5,0,0
Garcia,P,CCU,2014,8,0,0,0,2,0,0,0,0,0,2,0,0,0,2,0,0,0,0,6,0,0,0,0,0
McDermott,P,NMHU ,2012,2,6.17,0,0,11,0,0,0,0,0,11.2,10,12,8,9,5,1,0,0,43,0.233,0,1,0,0
Fuller,P,CSM ,2011,7,7.07,3,5,11,11,1,1,0,0,63.2,76,63,50,35,50,15,3,4,253,0.3,6,5,0,0
Gallegos,P,RU ,2008,3,2.52,0,0,23,0,0,0,0,1,25,33,7,7,5,15,5,1,0,99,0.333,3,3,0,0
Hoffman,P,CSUP ,2017,4,7.33,2,2,7,6,0,0,0,0,27,40,23,22,7,15,9,1,2,123,0.318,2,2,1,0
Mitchell,P,CCU,2014,8,6.75,0,0,5,0,0,0,0,0,6.2,13,10,5,1,1,2,0,2,29,0.448,3,1,0,0
Logan,P,CCU,2010,8,8.74,7,8,17,16,5,0,0,0,80.1,131,101,78,37,45,37,4,10,365,0.359,1,7,0,0
Thoutt,P,RU ,2016,6,4.02,4,3,10,10,0,0,0,0,62.2,69,37,28,20,64,8,2,7,248,0.278,2,5,0,0
Bott,P,CMU ,2017,1,6.94,1,1,9,0,0,0,1,0,11.2,11,10,9,7,10,3,0,1,55,0.3,2,2,1,0
Ayers,P,NMHU,2009,2,12.46,1,1,5,0,0,0,0,1,4.1,9,6,6,4,4,1,0,4,20,0.45,0,1,0,0
Preston,P,NMHU ,2017,7,0,0,0,2,0,0,0,0,0,2,4,3,0,1,1,0,0,0,9,0.182,0,0,0,0
Lamb,P,CMU ,2008,1,8.1,1,1,7,3,0,0,0,0,13.1,22,12,12,3,6,6,0,1,58,0.379,2,6,0,0
Juracek,P,CSUP ,2017,4,15.43,0,0,8,0,0,0,0,0,7,15,14,12,3,2,4,0,1,41,0.39,1,2,0,0
King,P,NMHU ,2012,2,0,0,0,1,0,0,0,0,0,1,1,0,0,0,0,0,0,0,4,0.25,0,0,0,0
Rodger,P,CSM,2013,5,12.86,0,0,6,1,0,0,1,0,7,16,13,10,3,6,3,1,0,39,0.41,0,4,0,0
Sandoval,P,CMU ,2016,1,0,1,0,3,0,0,0,0,0,5.2,2,0,0,3,3,1,0,0,19,0.105,0,1,0,0
Perry,P,MSUD,2010,4,6.24,3,4,12,12,0,0,0,0,62,71,47,43,43,49,9,0,8,243,0.292,7,13,1,0
Ross,P,CCU,2009,7,24.47,0,0,10,0,0,0,0,0,10.2,31,34,29,6,9,12,1,2,64,0.484,2,7,1,0
Hall,P,CSUP ,2017,4,0,0,0,1,0,0,0,0,0,1,1,0,0,0,1,0,0,0,5,0.062,0,0,0,0
Flory,P,CSUP ,2012,3,5.89,0,1,14,1,0,0,0,2,18.1,20,15,12,12,17,6,0,0,70,0.286,1,2,0,0
Patton,P,CSM,2013,5,0,0,0,2,0,0,0,1,0,2,2,0,0,0,0,0,0,0,8,0.25,0,0,0,0
Fuller,P,CSM ,2011,7,7.07,3,5,11,11,1,1,0,0,63.2,76,63,50,35,50,15,3,4,253,0.3,6,5,0,0
Ast,P,CSM,2009,8,7.12,1,11,12,12,0,0,0,0,67,104,81,53,29,66,19,4,5,298,0.349,7,8,1,0
Guinn,P,CMU ,2008,1,5.8,3,0,16,5,0,0,0,1,35.2,45,27,23,14,25,4,0,7,147,0.306,3,7,0,0
Thoutt,P,RU ,2017,6,3.67,2,2,5,5,1,0,0,0,27,24,12,11,9,17,7,1,2,117,0.277,2,3,1,0
Hand,P,MSUD,2013,6,3.86,0,3,15,0,0,0,1,0,18.2,25,9,8,11,11,2,0,0,73,0.342,3,1,0,0
Souza,P,CCU,2010,8,14.18,0,0,12,0,0,0,0,0,13.1,25,21,21,14,8,8,3,3,63,0.397,0,3,0,0
Richmond,P,CSUP,2010,5,9.16,1,1,14,1,0,0,1,1,18.2,23,21,19,21,15,3,0,2,77,0.299,5,3,0,0
Castaneda,P,CSUP ,2016,3,7.59,0,0,11,0,0,0,0,0,10.2,21,12,9,0,6,6,0,1,55,0.382,0,1,1,0
Torres,P,NMHU ,2012,2,5.2,5,3,13,9,2,0,0,0,55.1,62,36,32,14,38,11,4,4,223,0.278,1,8,0,0
Rich,P,CSUP ,2015,2,4.15,4,1,27,3,0,0,0,1,30.1,40,15,14,13,24,7,1,1,120,0.333,3,1,0,0
Kriesel,P,ASU,2013,7,7.71,2,1,14,0,0,0,1,0,25.2,36,27,22,20,12,9,0,5,110,0.327,4,4,1,0
Anderson,P,CCU,2010,8,22.65,0,1,12,1,0,0,0,0,10.1,27,27,26,16,5,2,1,1,56,0.482,2,3,0,0
G.Henrichsen,P,CCU,2014,8,7.74,0,6,14,4,0,0,0,0,45.1,76,50,39,15,13,17,1,1,201,0.378,8,8,2,0
Gimenez,P,CSUP ,2016,3,2.25,0,0,4,0,0,0,0,0,4,7,3,1,0,3,2,1,1,21,0.333,0,0,0,0
Badalucco,P,NMHU,2014,2,11.88,1,1,9,0,0,0,0,1,8.1,18,13,11,7,3,4,1,3,39,0.462,3,0,0,0
Bradshaw,P,ASU ,2016,4,9.95,0,0,8,0,0,0,0,0,12.2,23,17,14,3,6,8,0,2,58,0.397,2,2,0,0
Aronson,P,RU ,2011,5,3.98,2,1,18,0,0,0,0,2,20.1,19,10,9,9,16,2,1,0,74,0.257,1,4,0,0
Salazar,P,CSUP,2009,3,27,0,0,1,0,0,0,0,0,0.1,3,2,1,0,0,2,0,0,5,0.6,0,0,0,0
Olson,P,CMU ,2015,1,45,0,0,2,0,0,0,0,0,1,4,5,5,3,2,0,1,0,6,0.667,1,0,0,0
Brandon,P,NMHU ,2017,7,3.48,1,2,17,0,0,0,0,4,20.2,26,11,8,7,25,7,1,1,109,0.294,4,4,0,0
Hernandez,P,NMHU,2013,3,8.92,2,4,14,8,0,0,1,0,39.1,71,47,39,19,25,11,1,1,174,0.408,4,5,1,0
Gutierrez,P,NMHU ,2016,7,3.68,1,2,15,1,0,0,0,3,36.2,39,16,15,6,30,5,1,1,138,0.283,4,8,1,0
Murray,P,CCU,2014,8,10.57,0,0,8,0,0,0,0,0,7.2,16,10,9,7,4,1,0,1,37,0.432,2,2,0,0
Guyer,P,CCU,2010,8,9,0,0,2,0,0,0,0,0,2,5,3,2,0,1,0,0,1,12,0.417,0,0,0,0
Gimenez,P,CSUP ,2016,3,2.25,0,0,4,0,0,0,0,0,4,7,3,1,0,3,2,1,1,21,0.333,0,0,0,0
Asnicar,P,RU,2009,6,8.25,0,2,11,0,0,0,0,0,12,14,12,11,12,6,4,1,1,46,0.304,3,2,0,0
Manos,P,CSUP,2010,5,4.32,0,1,2,2,0,0,0,0,8.1,9,4,4,4,3,4,1,1,33,0.273,1,1,1,0
Norris,P,NMHU ,2016,7,3.72,1,1,16,0,0,0,0,2,19.1,22,12,8,6,12,7,1,1,75,0.293,5,5,0,0
McMahon,P,RU ,2017,6,81,0,0,1,0,0,0,0,0,0.2,3,6,6,3,1,1,1,0,6,0.646,0,1,0,0
Capistran,P,CMU ,2012,1,5.68,0,0,5,0,0,0,0,0,6.1,8,6,4,1,3,3,0,0,27,0.296,0,1,1,0
Hoffman,P,CSUP ,2017,4,7.33,2,2,7,6,0,0,0,0,27,40,23,22,7,15,9,1,2,123,0.318,2,2,1,0
Long,P,RU,2014,5,12.38,0,0,11,1,0,0,0,0,16,32,23,22,6,4,7,3,3,69,0.464,3,2,0,0
Guyer,P,CCU,2010,8,9,0,0,2,0,0,0,0,0,2,5,3,2,0,1,0,0,1,12,0.417,0,0,0,0
Castaneda,P,CSUP ,2016,3,7.59,0,0,11,0,0,0,0,0,10.2,21,12,9,0,6,6,0,1,55,0.382,0,1,1,0
Pavel,P,MSUD ,2015,3,9,0,0,1,0,0,0,0,0,1,3,1,1,0,1,0,0,0,5,0.6,0,0,0,0
Touhey,P,CSM ,2012,6,6.5,0,0,6,0,0,0,0,0,18,30,18,13,3,7,3,1,1,84,0.357,3,4,1,0
Walter,P,MSUD,2010,4,7.26,2,2,18,2,0,0,0,1,39.2,56,35,32,18,26,9,0,8,165,0.339,3,1,2,0
Cantrell,P,CCU ,2016,8,3.52,0,0,16,0,0,0,0,0,15.1,22,14,6,8,4,2,1,3,65,0.338,2,2,0,0
Martinez,P,NMHU,2014,2,16.2,0,0,5,1,0,0,0,0,6.2,11,13,12,6,2,5,0,3,28,0.393,1,2,0,0
Tessone,P,CSUP ,2015,2,4.7,2,0,14,9,0,0,0,0,38.1,40,26,20,21,22,9,0,3,149,0.268,2,2,2,0
Gallegos,P,RU ,2008,3,2.52,0,0,23,0,0,0,0,1,25,33,7,7,5,15,5,1,0,99,0.333,3,3,0,0
Demello,P,CMU ,2012,1,0,0,0,2,0,0,0,0,0,2.1,1,0,0,0,1,1,0,0,8,0.125,0,0,0,0
Clemons,P,CMU,2010,2,33.75,0,0,2,0,0,0,0,0,1.1,8,7,5,1,1,3,0,1,12,0.667,0,0,0,0
Wilson,P,CMU,2014,1,4.3,3,1,10,7,0,0,3,0,29.1,24,15,14,18,29,2,0,3,112,0.214,3,8,1,0
Ross,P,RU,2013,4,4.67,0,1,12,0,0,0,1,1,17.1,17,13,9,8,8,3,0,1,63,0.27,4,1,0,0
Griffith,P,RU ,2016,6,7.11,0,0,11,0,0,0,0,0,6.1,15,12,5,6,1,2,2,2,35,0.429,2,1,0,0
Sawyer,P,CMU,2010,2,15,0,0,5,0,0,0,0,0,6,12,10,10,5,6,2,0,1,29,0.414,1,2,0,0
Nowak,P,UNK ,2012,5,6.19,0,1,5,4,0,0,0,0,16,24,20,11,8,10,1,1,2,72,0.333,0,4,0,0
Thornton,P,NMHU ,2008,6,6.64,4,0,21,4,0,0,0,0,61,99,52,45,18,51,17,2,4,265,0.374,7,3,2,0
Martinez,P,NMHU,2014,2,16.2,0,0,5,1,0,0,0,0,6.2,11,13,12,6,2,5,0,3,28,0.393,1,2,0,0
Wilde,P,CSUP ,2016,3,6,0,0,3,0,0,0,0,0,3,3,2,2,2,4,1,0,0,11,0.273,1,0,0,0
Salazar,P,CSUP,2009,3,27,0,0,1,0,0,0,0,0,0.1,3,2,1,0,0,2,0,0,5,0.6,0,0,0,0
Ramos,P,CSM ,2015,6,0,0,0,2,0,0,0,0,0,3,1,0,0,1,6,0,0,0,11,0.091,0,0,1,0
Rooney,P,CSM,2014,4,6.24,5,5,12,10,1,0,0,0,57.2,66,51,40,25,39,13,6,4,222,0.297,5,10,2,0
Cunningham,P,ASU,2013,7,40.5,0,0,1,0,0,0,1,0,0.2,3,3,3,1,0,2,0,0,5,0.6,0,0,0,0
Bradshaw,P,ASU ,2015,4,23.14,0,0,9,0,0,0,0,0,7,22,21,18,4,3,5,2,0,42,0.524,1,0,0,0
Quackenbu,P,RU ,2017,6,8.09,4,6,13,13,0,0,1,0,65.2,109,62,59,22,37,16,4,7,260,0.355,4,7,2,0
Dye,P,CMU ,2017,1,2.92,0,0,11,0,0,0,1,1,12.1,11,5,4,6,8,4,1,0,57,0.303,2,2,1,0
O'Conner,P,UNK,2010,3,6.9,7,4,14,13,2,0,1,0,60,67,50,46,29,51,11,0,6,242,0.277,6,12,3,0
Tomlinson,P,CCU ,2008,8,7.09,1,4,17,3,0,0,0,1,39.1,54,41,31,12,23,7,1,5,172,0.314,3,8,1,0
Bonati,P,RU,2009,6,11.05,2,5,11,11,0,0,0,0,44,58,64,54,45,33,12,4,5,176,0.33,9,9,0,0
Gojan,P,MSUD ,2012,7,4.24,0,2,3,3,2,0,0,0,17,13,10,8,9,12,3,0,0,62,0.21,0,2,1,0
Prokopis,P,CMU ,2015,1,16.2,1,0,3,0,0,0,0,0,3.1,9,6,6,2,1,3,0,0,17,0.529,1,0,0,0
Spencer,P,RU ,2008,3,0,0,0,1,0,0,0,0,0,0,2,2,0,1,0,0,0,0,2,1,0,0,1,0
Garner,P,CSUP ,2012,3,5.89,0,0,18,0,0,0,0,1,18.1,22,15,12,13,10,2,1,1,71,0.31,3,1,0,0
Hammett,P,MSUD,2013,6,4.71,4,4,11,11,1,0,1,0,63,65,38,33,37,48,6,1,1,243,0.267,8,8,2,0
Timmins,P,CSUP ,2008,7,5.55,2,2,11,5,0,0,0,0,35.2,33,27,22,34,24,9,3,3,138,0.239,4,5,0,0
Enewold,P,CMU ,2008,1,4.56,4,3,17,6,2,0,1,1,49.1,46,26,25,21,37,11,1,3,187,0.246,3,3,0,0
Hansen,P,MSUD,2014,7,8.1,0,0,5,0,0,0,0,0,6.2,9,7,6,5,6,3,0,0,29,0.31,1,1,0,0
Demarest,P,NMHU,2014,2,9,0,0,1,0,0,0,0,0,1,3,1,1,0,2,1,0,0,6,0.5,1,0,0,0
Sanchez,P,CSUP,2013,2,0,0,0,1,0,0,0,1,0,0.2,1,2,0,1,1,0,0,0,3,0.333,0,0,0,0
King,P,CSUP,2014,3,11.45,0,0,15,0,0,0,0,0,11,16,17,14,5,7,1,0,2,50,0.32,2,3,0,0
Schoon,P,CSUP,2014,3,6.19,7,2,15,11,0,0,0,0,72.2,103,57,50,31,49,24,1,6,300,0.343,5,7,0,0
Vega,P,MSUD ,2015,3,6.86,0,1,13,0,0,0,0,3,19.2,28,17,15,4,16,4,0,1,84,0.333,4,1,0,0
Bevington,P,CSUP,2014,3,6.06,0,1,15,0,0,0,0,1,16.1,24,12,11,5,10,2,2,0,69,0.348,0,1,0,0
Prokopis,P,CMU ,2016,1,3.94,3,1,14,1,0,0,0,0,32,29,17,14,12,20,6,2,3,116,0.25,2,7,0,0
Englehart,P,CSM ,2015,6,6.75,0,0,9,2,0,0,0,0,29.1,42,25,22,14,11,13,0,2,122,0.344,2,1,0,0
Tanner,P,CSM ,2017,2,5.79,0,0,6,0,0,0,0,0,4.2,9,5,3,1,2,1,0,1,21,0.314,0,0,0,0
Hemphill,P,RU,2014,5,6.51,3,1,19,2,0,0,0,1,27.2,37,26,20,19,22,7,4,2,115,0.322,3,2,0,0
Cole,P,CSUP,2010,5,6.23,2,1,13,6,0,0,0,0,43.1,56,43,30,17,23,9,0,6,184,0.304,7,6,0,0
McBeth,P,RU,2010,6,5.19,0,0,3,0,0,0,0,0,8.2,14,9,5,5,0,3,0,3,38,0.368,1,0,0,0
Murray,P,CCU,2013,8,10.8,0,0,9,0,0,0,1,0,6.2,13,10,8,9,4,0,1,0,33,0.394,2,2,0,0
Silva,P,CCU,2014,8,5,0,2,3,3,0,0,0,0,9,14,5,5,2,5,3,0,0,33,0.424,0,1,0,0
Rooney,P,CSM ,2016,2,5.45,1,2,9,8,0,0,0,0,36.1,40,29,22,33,21,6,0,4,139,0.288,6,3,0,0
Hensen,P,MSUD,2010,4,11.37,0,0,13,0,0,0,0,0,12.2,18,19,16,12,6,3,0,4,51,0.353,4,4,0,0
Megyeri,P,CSUP ,2015,2,2.08,1,0,29,0,0,0,0,0,13,9,4,3,8,13,1,0,0,46,0.196,1,2,0,0
Hansen,P,MSUD ,2017,3,6.75,0,0,5,0,0,0,0,0,5.1,3,6,4,10,4,2,0,1,20,0.303,1,1,0,0
Jones,P,CCU ,2008,8,7.71,0,0,5,0,0,0,0,0,7,13,10,6,2,3,4,1,0,33,0.394,1,0,0,0
Riley,P,CMU,2010,2,7.71,4,5,14,2,0,0,0,1,28,39,26,24,15,15,7,0,5,120,0.325,2,3,1,0
Graves,P,CCU ,2015,8,7.79,3,2,17,2,1,0,0,1,34.2,51,34,30,16,32,6,1,3,149,0.342,9,6,1,0
Stroup,P,MSUD,2014,7,0,0,0,2,0,0,0,0,0,1.2,0,0,0,1,0,0,0,0,4,0,0,1,0,0
Falconi,P,RU,2009,6,7.48,3,5,13,10,0,0,0,0,61.1,88,76,51,29,32,19,2,4,261,0.337,8,10,1,0
Phillips,P,CSM,2014,4,12,0,0,3,0,0,0,0,0,3,8,4,4,1,4,3,0,0,16,0.5,1,0,0,0
Wilson,P,CMU,2014,1,4.3,3,1,10,7,0,0,3,0,29.1,24,15,14,18,29,2,0,3,112,0.214,3,8,1,0
Madris,P,CMU ,2015,1,1.8,2,0,3,1,0,0,0,0,10,5,3,2,4,5,1,0,0,32,0.156,0,0,0,0
Munford,P,ASU ,2017,9,8.22,1,2,13,0,0,0,0,4,15.1,21,15,14,7,12,6,1,1,91,0.295,4,4,0,0
McBeth,P,RU,2010,6,5.19,0,0,3,0,0,0,0,0,8.2,14,9,5,5,0,3,0,3,38,0.368,1,0,0,0
Snyder,P,CSUP ,2008,7,6.75,0,0,1,0,0,0,0,0,1.1,0,1,1,4,2,0,0,0,4,0,1,0,0,0
Munford,P,ASU ,2016,4,9.64,1,1,15,0,0,0,0,1,14,23,16,15,6,12,8,1,0,60,0.383,2,2,1,0
Wilde,P,CSUP ,2016,3,6,0,0,3,0,0,0,0,0,3,3,2,2,2,4,1,0,0,11,0.273,1,0,0,0
Logan,P,CCU,2010,8,8.74,7,8,17,16,5,0,0,0,80.1,131,101,78,37,45,37,4,10,365,0.359,1,7,0,0
Hammett,P,MSUD,2014,7,6.75,2,5,12,10,1,1,1,0,50.2,73,50,38,26,26,16,2,4,212,0.344,8,10,0,0
Krueger,P,MSUD,2010,4,18,1,1,2,0,0,0,0,0,3,8,6,6,2,2,1,0,1,17,0.471,0,1,0,0
Lamaster,P,CMU ,2008,1,6.2,3,4,19,3,0,0,0,4,40.2,40,28,28,24,45,10,1,2,152,0.263,1,6,0,0
Smiley,P,CSM ,2011,7,7.52,2,6,12,12,0,0,0,0,61,87,67,51,48,34,17,3,6,257,0.339,12,7,1,0
Martinez,P,NMHU ,2008,6,8.4,1,1,13,1,0,0,0,7,15,20,15,14,12,14,5,1,1,58,0.345,3,0,1,0
Bradshaw,P,ASU ,2015,4,23.14,0,0,9,0,0,0,0,0,7,22,21,18,4,3,5,2,0,42,0.524,1,0,0,0
Montano,P,RU ,2016,6,4.38,1,2,16,2,0,0,0,0,37,38,19,18,12,27,7,1,2,140,0.271,4,5,0,0
Moore,P,CCU,2014,8,15.09,1,2,15,1,0,0,0,0,22.2,46,46,38,12,12,15,1,3,113,0.407,2,6,2,0
Martinez,P,UCCS ,2017,5,10.89,0,1,11,2,0,0,0,0,20.2,35,29,25,17,17,11,2,2,106,0.38,3,3,0,0
Castaneda,P,CSUP ,2016,3,7.59,0,0,11,0,0,0,0,0,10.2,21,12,9,0,6,6,0,1,55,0.382,0,1,1,0
Ballard,P,CMU ,2016,1,6,1,1,15,0,0,0,3,0,12,11,13,8,11,13,4,1,0,47,0.234,3,2,0,0
Lopez,P,NMHU,2009,2,5.23,1,1,7,2,0,0,0,0,10.1,12,11,6,13,7,1,0,0,41,0.293,1,2,1,0
Arceneaux,P,MSUD,2013,6,7.15,3,5,12,11,2,0,1,0,56.2,89,61,45,28,38,11,2,4,242,0.368,7,4,1,0
Wilson,P,ASU,2013,7,27,0,0,2,0,0,0,1,0,1.1,4,4,4,3,1,3,0,0,6,0.667,0,0,0,0
Hamilton,P,CMU,2010,2,5.68,1,1,19,0,0,0,0,0,25.1,27,17,16,11,23,6,1,5,95,0.284,4,5,0,0
Sandoval,P,NMHU ,2011,6,2.45,1,1,19,0,0,0,1,0,22,26,14,6,13,29,2,1,1,89,0.292,4,6,0,0
Lewis,P,CSUP ,2008,7,8.84,0,0,10,0,0,0,0,0,19.1,31,22,19,13,12,5,0,0,86,0.36,6,1,0,0
Poulin,P,CSM,2010,7,11.42,0,0,7,0,0,0,0,0,8.2,14,12,11,6,7,5,1,0,39,0.359,1,4,0,0
Schlagel,P,ASU,2013,7,27,0,0,1,0,0,0,1,0,0.2,1,2,2,1,0,0,0,1,3,0.333,0,1,0,0
Pickett,P,CSM,2009,8,5.4,0,0,13,0,0,0,0,0,20,32,16,12,8,8,13,1,2,92,0.348,1,0,0,0
Snyder,P,CSUP ,2008,7,6.75,0,0,1,0,0,0,0,0,1.1,0,1,1,4,2,0,0,0,4,0,1,0,0,0
Briner,P,CCU,2013,8,7.42,0,2,18,3,0,0,1,0,30.1,27,31,25,40,32,2,1,3,111,0.243,17,6,4,0
Snyder,P,CSUP ,2008,7,6.75,0,0,1,0,0,0,0,0,1.1,0,1,1,4,2,0,0,0,4,0,1,0,0,0
Lopez,P,NMHU,2009,2,5.23,1,1,7,2,0,0,0,0,10.1,12,11,6,13,7,1,0,0,41,0.293,1,2,1,0
Masterson,P,CSUP,2014,3,9.39,0,0,4,0,0,0,0,0,7.2,11,8,8,2,2,3,1,2,29,0.379,0,0,0,0
Meaney,P,CSUP,2010,5,9.11,3,5,16,9,1,0,0,0,52.1,82,63,53,35,40,20,3,5,236,0.347,3,5,1,0
Patton,P,CSM,2013,5,0,0,0,2,0,0,0,1,0,2,2,0,0,0,0,0,0,0,8,0.25,0,0,0,0
Lahman,P,CMU ,2012,1,1.15,1,1,14,0,0,0,0,0,15.2,12,3,2,7,9,0,0,0,57,0.211,2,1,0,0
Busch,P,CSUP ,2015,2,3.68,0,0,13,0,0,0,0,0,7.1,7,3,3,5,1,3,0,0,25,0.28,1,3,0,0
Flory,P,CSUP ,2012,3,5.89,0,1,14,1,0,0,0,2,18.1,20,15,12,12,17,6,0,0,70,0.286,1,2,0,0
Vela,P,NMHU,2013,3,7.11,0,2,15,1,0,0,1,3,19,29,24,15,12,12,5,2,3,85,0.341,3,3,1,0
Dollarhyde,P,CCU,2014,8,7.56,2,12,23,10,4,0,0,4,77.1,110,76,65,28,46,30,5,7,322,0.342,7,15,4,0
Mosle,P,CCU,2013,8,10.8,0,1,1,1,0,0,1,0,5,10,6,6,0,2,1,0,0,24,0.417,2,0,1,0
Long,P,RU ,2016,6,3.55,0,1,12,0,0,0,0,1,12.2,12,5,5,9,14,1,1,2,45,0.267,0,1,0,0
Bishop,P,NMHU ,2016,7,3.38,1,0,11,0,0,0,0,1,13.1,11,5,5,4,3,5,0,1,46,0.239,0,0,0,0
Waha,P,NMHU ,2011,6,4.73,2,2,13,3,0,0,0,1,32.1,35,20,17,18,30,6,1,2,125,0.28,1,7,1,0
Montano,P,RU ,2016,6,4.38,1,2,16,2,0,0,0,0,37,38,19,18,12,27,7,1,2,140,0.271,4,5,0,0
Landis,P,CMU ,2016,1,7.84,0,0,5,2,0,0,0,0,10.1,21,10,9,1,9,4,0,0,48,0.438,0,0,0,0
Clark,P,NMHU,2013,3,8.71,3,0,14,0,0,0,1,0,20.2,28,21,20,14,20,1,3,3,86,0.326,0,5,1,0
Ekstrom,P,CSM ,2017,2,8.83,3,2,9,9,1,1,0,0,34.2,54,37,34,15,12,13,1,4,218,0.31,6,4,2,0
Godfrey,P,ASU,2014,6,8.53,0,2,10,0,0,0,0,0,12.2,23,16,12,5,8,2,1,4,58,0.397,2,1,1,0
O'Brien,P,RU ,2016,6,20.25,0,3,9,0,0,0,0,0,5.1,16,14,12,9,7,3,1,0,32,0.5,2,3,0,0
Mielnicki,P,RU ,2012,4,3.57,0,1,16,0,0,0,0,0,22.2,25,10,9,5,11,5,2,3,89,0.281,2,4,1,0
Wood,P,NMHU,2009,2,13.11,1,4,12,2,0,0,0,0,11.2,14,19,17,14,9,5,0,2,46,0.304,1,3,0,0
Gallegos,P,RU ,2008,3,2.52,0,0,23,0,0,0,0,1,25,33,7,7,5,15,5,1,0,99,0.333,3,3,0,0
Dunnington,P,CMU,2013,1,8.53,0,0,6,0,0,0,1,0,6.1,8,6,6,5,4,3,0,1,26,0.308,0,1,0,0
Harris,P,CCU ,2017,8,7,3,2,28,0,0,0,0,1,36,47,33,28,17,21,8,2,3,133,0.33,4,5,1,0
McMahon,P,NMHU ,2012,2,0,0,0,1,0,0,0,0,0,1,0,0,0,1,0,0,0,0,2,0,0,0,0,0
Sanchez,P,RU ,2017,6,12.6,0,0,7,0,0,0,0,0,5,15,7,7,1,1,2,1,1,28,0.403,1,2,0,0
Waterman,P,RU ,2016,6,10.97,0,1,9,0,0,0,0,1,10.2,19,15,13,8,7,5,0,2,46,0.413,0,1,0,0
Moore,P,CCU,2014,8,15.09,1,2,15,1,0,0,0,0,22.2,46,46,38,12,12,15,1,3,113,0.407,2,6,2,0
Lambert,P,CSM ,2015,6,7.5,0,0,3,0,0,0,0,1,6,8,5,5,3,6,3,0,1,26,0.308,1,0,0,0
Sigrist,P,CCU ,2016,8,11.68,0,0,10,0,0,0,0,0,12.1,24,16,16,9,10,2,0,4,57,0.421,1,6,1,0
Hansen,P,NMHU,2013,3,4.3,4,3,9,9,1,0,1,0,58.2,63,39,28,10,35,15,2,5,231,0.273,1,3,0,0
Harshman,P,CSUP ,2008,7,10.2,1,1,11,3,0,0,0,0,30,50,50,34,24,15,7,0,6,140,0.357,6,4,2,0
Garcia,P,MSUD ,2015,3,4.39,5,6,13,13,2,0,1,0,67.2,61,43,33,44,74,13,0,7,253,0.241,10,5,1,0
Quackenbush,P,RU ,2015,7,5.7,1,4,19,0,0,0,0,2,23.2,32,15,15,9,17,10,0,2,99,0.323,3,0,0,0
Masterson,P,CSUP,2014,3,9.39,0,0,4,0,0,0,0,0,7.2,11,8,8,2,2,3,1,2,29,0.379,0,0,0,0
Lahman,P,CMU,2013,1,2.22,6,1,20,2,0,0,1,0,44.2,39,15,11,12,32,11,0,1,165,0.236,3,10,0,1
Williams,P,CMU,2013,1,2.23,9,1,15,15,7,2,1,0,97,76,28,24,23,83,8,0,3,348,0.218,7,10,0,1
Carma,P,CMU ,2008,1,3.25,8,3,13,12,3,0,0,0,83,85,33,30,43,78,6,2,2,314,0.271,14,8,0,1
Ehlers,P,CMU ,2015,1,3.32,8,1,21,8,0,0,2,3,65,73,34,24,17,45,12,0,1,256,0.285,4,4,0,1
Reno,P,CMU ,2015,1,3.15,11,2,15,15,4,2,2,0,91.1,99,44,32,9,64,11,4,5,358,0.277,1,3,0,1
Ehlers,P,CMU ,2016,1,2.93,4,1,20,2,0,0,3,5,43,30,19,14,23,37,4,0,2,155,0.194,1,2,1,1
Herdt,P,CMU ,2016,1,2.61,7,1,15,12,4,1,2,0,76,53,25,22,23,92,11,1,5,271,0.196,2,6,0,1
McDermott,P,CMU ,2016,1,0.92,7,0,11,10,1,0,3,0,68.1,42,10,7,22,77,9,0,1,234,0.179,1,6,0,1
Day,P,CMU ,2017,1,2.64,6,3,23,6,0,0,4,3,58,42,17,17,8,71,6,0,2,174,0.21,2,4,1,1
Leahy,P,CMU ,2017,1,1.41,13,0,17,15,4,2,1,1,108.2,85,22,17,13,96,10,2,5,343,0.253,4,6,0,1
McDermott,P,CMU ,2017,1,3.12,8,1,16,14,1,0,1,0,83.2,66,32,29,32,108,11,1,2,297,0.25,6,8,2,1
Olinger,P,CSM ,2015,6,3.71,5,5,10,10,5,0,1,0,63,69,40,26,25,54,17,0,4,242,0.285,5,5,0,1
Olinger,P,CSM ,2016,2,3.59,7,2,12,8,2,0,0,1,47.2,59,25,19,15,39,10,1,3,195,0.303,2,4,0,1
Wittmus,P,CSUP ,2015,2,3.12,7,2,15,15,1,0,0,0,89.1,94,40,31,23,79,14,3,2,351,0.268,5,10,0,1
Lazcano,P,CSUP ,2017,4,3.18,6,1,14,14,3,1,0,0,93.1,84,50,33,29,97,14,1,6,319,0.268,4,6,2,1
Green,P,MSUD ,2008,2,7.1,9,2,13,13,1,0,0,0,77.1,77,68,61,53,67,11,1,14,297,0.259,5,9,0,1
Baca,P,MSUD ,2015,3,3.25,9,3,24,2,0,0,0,2,55.1,63,26,20,11,51,8,1,3,210,0.3,2,3,1,1
Garcia,P,MSUD ,2016,5,2.9,5,7,12,12,2,1,0,0,83.2,76,40,27,29,95,13,3,6,311,0.244,7,5,1,1
Almeida,P,NMHU,2013,3,3.27,6,2,18,8,2,0,1,5,66,67,28,24,23,73,9,1,1,254,0.264,6,4,2,1
Brault,P,RU,2013,4,2.63,8,3,11,11,3,1,1,0,78.2,69,25,23,18,103,10,0,3,286,0.241,2,9,0,1
Schwein,P,RU,2013,4,2.45,10,1,12,10,7,1,1,0,73.1,91,30,20,15,32,10,0,3,296,0.307,3,4,0,1
Kenny,P,RU ,2017,6,2.83,3,3,22,0,0,0,0,7,41.1,37,17,13,10,53,6,0,2,136,0.258,3,4,0,1
Slocum,P,UCCS ,2017,5,3.32,1,4,19,0,0,0,0,8,21.2,25,14,8,8,17,4,0,1,99,0.275,2,3,0,1
Sheldon,P,UNK ,2008,4,5.08,7,3,12,11,4,0,0,0,79.2,83,49,45,16,82,11,3,6,314,0.264,9,5,2,1
Guinn,P,CMU,2009,1,1.4,5,2,29,0,0,0,1,9,38.2,35,12,6,10,39,3,0,4,145,0.241,1,1,0,1
Lamaster,P,CMU,2009,1,3.6,7,1,16,9,2,1,1,0,75,77,39,30,27,66,16,2,7,295,0.261,5,10,0,1
Shea,P,CMU,2010,2,5.35,8,3,15,14,5,2,1,0,79,81,52,47,32,66,15,0,11,304,0.266,7,6,1,1
Allen,P,CMU,2014,1,2.98,7,2,17,4,0,0,1,4,60.1,58,23,20,14,43,10,0,1,226,0.257,4,7,0,1
Danner,P,CMU,2014,1,3.06,6,2,12,12,2,1,2,0,64.2,58,26,22,12,36,11,5,1,242,0.24,2,1,0,1
Delay,P,CMU,2014,1,3.57,8,1,15,13,1,1,1,0,90.2,96,43,36,25,56,15,2,8,354,0.271,5,2,1,1
Christensen,P,CMU ,2011,2,3.09,7,4,15,12,5,1,0,1,84.1,85,36,29,17,59,14,1,7,317,0.268,1,2,1,1
Snell,P,CMU ,2011,2,3.52,7,4,15,14,2,0,1,0,92,70,47,36,62,108,12,2,3,330,0.212,19,15,0,1
Benham,P,CMU ,2012,1,1.4,1,0,17,0,0,0,0,8,19.1,20,4,3,7,20,4,0,0,75,0.267,2,1,1,1
Christensen,P,CMU ,2012,1,3.49,12,3,15,14,4,1,2,0,90.1,88,38,35,14,61,12,2,6,335,0.263,0,5,3,1
Snell,P,CMU ,2012,1,4.46,9,1,14,14,2,1,1,0,82.2,81,53,41,47,105,11,1,3,321,0.252,8,13,1,1
Olinger,P,CSM,2014,4,3.6,6,4,13,10,4,0,0,1,65,67,33,26,13,41,11,0,10,246,0.272,2,4,0,1
Mattivi,P,CSUP,2009,3,5.47,9,6,18,15,2,0,1,1,97,105,74,59,51,76,14,3,16,391,0.269,14,8,1,1
Fabrizio,P,CSUP,2014,3,3.61,7,3,14,14,1,0,0,0,82.1,91,49,33,44,74,9,4,3,322,0.283,5,10,3,1
Fabrizio,P,CSUP ,2012,3,4.38,7,6,16,14,4,0,0,0,102.2,122,63,50,32,87,27,3,4,419,0.291,10,12,2,1
Eckert,P,MSUD ,2008,2,5.8,7,4,25,2,1,0,0,2,54.1,66,39,35,29,45,13,1,4,215,0.307,10,9,1,1
Vassil,P,NMHU,2009,2,5.02,9,4,15,15,5,0,0,0,107.2,137,71,60,24,74,29,2,8,448,0.306,5,5,1,1
Vassil,P,NMHU,2010,1,4.34,12,2,16,15,3,0,1,0,103.2,120,61,50,22,74,23,1,13,413,0.291,5,5,1,1
Henderson,P,RU,2010,6,5,5,4,14,14,4,0,0,0,93.2,120,67,52,27,55,25,3,13,382,0.314,3,4,3,1
Henderson,P,RU ,2011,5,5.15,7,4,13,13,6,1,0,0,99.2,121,66,57,22,62,18,5,7,395,0.306,5,5,0,1
Henderson,P,RU ,2012,4,3.83,6,5,14,14,6,1,0,0,101,113,52,43,11,83,35,3,6,404,0.28,4,6,0,1
Sheldon,P,UNK,2009,5,4.76,9,4,14,14,5,0,1,0,102,114,61,54,23,105,22,3,16,404,0.282,5,3,2,1
Kresse,P,UNK,2010,3,4.13,2,1,15,0,0,0,0,3,28.1,34,17,13,3,26,3,1,3,119,0.286,2,6,0,1
Loschen,P,UNK,2010,3,4.92,9,5,15,15,5,0,1,0,100.2,119,67,55,31,77,23,5,9,409,0.291,6,17,0,1
Kresse,P,UNK ,2011,1,3.25,6,2,32,0,0,0,0,10,52.2,59,28,19,11,44,10,0,2,210,0.281,4,6,0,1
Stachura,P,UNK ,2011,1,4.11,8,2,15,15,3,0,0,0,103,112,61,47,34,56,13,2,4,410,0.273,9,5,0,1
Reno,P,CMU,2013,1,3.15,11,1,20,15,0,0,1,0,44.2,39,15,32,9,64,11,0,5,165,0.277,3,10,0,1
Ehlers,P,CMU ,2013,1,2.22,4,1,20,2,0,0,1,5,43,30,15,11,12,32,4,0,1,165,0.236,1,10,1,1
Ehlers,P,CMU,2015,1,3.32,8,1,21,8,0,0,1,3,44.2,39,15,11,17,32,11,0,1,256,0.236,3,10,0,1
Ehlers,P,CMU,2013,1,3.32,6,1,21,8,0,0,1,3,44.2,73,34,11,17,45,12,0,1,165,0.236,4,4,0,1
Lahman,P,CMU,2013,1,2.22,6,1,20,2,7,0,1,0,44.2,39,28,11,23,32,11,0,3,165,0.236,7,10,0,1
Lahman,P,CMU ,2008,1,2.22,6,1,13,2,3,0,1,0,44.2,39,15,11,12,78,6,2,2,314,0.236,3,10,0,1
Reno,P,CMU ,2015,1,2.23,11,2,15,15,4,2,1,0,91.1,76,28,32,9,64,11,4,3,348,0.218,1,10,0,1
Williams,P,CMU ,2013,1,2.23,8,1,15,15,0,2,2,0,65,73,34,24,17,83,8,0,1,348,0.218,4,4,0,1
Williams,P,CMU,2013,1,2.23,9,1,15,15,7,2,1,0,97,76,28,24,23,83,8,0,3,348,0.218,7,10,0,1
Williams,P,CMU ,2016,1,2.23,4,1,20,15,0,0,3,0,97,30,28,14,23,83,8,0,3,155,0.194,1,10,0,1
Reno,P,CMU ,2013,1,3.15,9,1,15,15,4,2,1,0,97,99,28,24,9,83,11,4,3,348,0.218,1,10,0,1
Williams,P,CMU,2013,1,2.23,9,1,15,15,7,2,1,0,97,76,28,24,23,83,8,0,3,348,0.218,7,10,0,1
Williams,P,CMU,2013,1,3.25,8,3,15,12,3,0,0,0,83,85,28,30,23,78,8,0,2,348,0.218,14,8,0,1
Ehlers,P,CMU ,2015,1,3.25,8,1,21,12,0,0,0,0,83,73,34,24,17,78,12,2,1,256,0.285,14,4,0,1
Carma,P,CMU ,2008,1,3.25,8,3,15,12,3,0,0,0,91.1,99,44,32,9,78,6,4,5,358,0.271,1,3,0,1
Carma,P,CMU ,2008,1,3.25,8,1,13,12,0,0,2,3,65,85,34,30,43,78,6,0,2,256,0.271,4,4,0,1
Reno,P,CMU ,2015,1,3.25,11,3,13,12,3,0,2,0,83,99,44,32,43,64,6,4,5,314,0.277,14,8,0,1
Ehlers,P,CMU ,2016,1,2.93,4,1,20,2,0,0,3,0,43,30,19,30,23,37,4,0,2,155,0.271,1,8,1,1
Reno,P,CMU ,2015,1,3.15,8,1,15,8,0,0,2,3,65,99,34,32,9,64,11,4,5,256,0.277,4,3,0,1
Ehlers,P,CMU ,2015,1,3.25,8,1,21,8,3,0,2,0,65,85,33,30,17,45,12,0,2,314,0.285,4,8,0,1
Ehlers,P,CMU ,2015,1,3.15,11,2,21,8,4,2,2,3,65,99,44,24,9,64,11,0,5,358,0.277,1,3,0,1
Ehlers,P,CMU ,2016,1,3.32,8,1,21,2,0,0,2,5,43,73,34,24,23,37,4,0,1,155,0.285,4,4,1,1
Reno,P,CMU ,2015,1,3.15,8,2,21,15,0,0,2,3,91.1,73,34,32,9,64,11,4,5,358,0.277,1,3,0,1
Reno,P,CMU ,2015,1,3.15,8,1,21,15,0,2,2,3,65,99,44,24,17,45,12,0,1,358,0.285,4,3,0,1
Reno,P,CMU ,2015,1,3.15,11,2,21,15,4,0,2,0,65,99,44,32,9,45,12,0,5,358,0.285,4,3,0,1
Reno,P,CMU ,2015,1,3.15,4,1,20,2,0,2,3,5,91.1,99,19,14,9,64,4,4,2,358,0.194,1,3,0,1
Reno,P,CMU ,2015,1,3.15,11,2,15,15,4,2,2,0,91.1,99,44,32,9,64,11,4,5,358,0.277,1,3,0,1
Reno,P,CMU,2013,1,3.15,11,1,15,15,7,2,1,0,91.1,99,28,24,23,64,8,0,3,358,0.277,1,10,0,1
Reno,P,CMU,2013,1,2.23,9,2,15,15,7,2,2,0,91.1,76,44,32,23,64,8,0,5,348,0.277,1,10,0,1
Reno,P,CMU ,2016,1,3.15,4,2,20,2,0,0,3,5,43,30,19,14,9,64,11,0,5,358,0.194,1,3,1,1
Ehlers,P,CMU ,2016,1,3.32,4,1,21,2,0,0,2,3,43,73,19,14,17,37,12,0,2,256,0.194,4,2,0,1
Ehlers,P,CMU ,2016,1,2.93,4,1,20,2,0,0,3,5,43,30,19,14,23,37,4,0,2,155,0.194,1,2,1,1
Reno,P,CMU ,2016,1,3.15,4,1,15,2,4,2,2,0,91.1,30,44,14,9,37,4,0,5,155,0.277,1,2,0,1
Ehlers,P,CMU ,2008,1,2.93,4,3,20,12,3,0,0,0,43,30,33,14,43,78,4,0,2,155,0.194,1,2,0,1
Ehlers,P,CMU ,2016,1,2.93,4,1,20,8,0,0,3,3,43,30,34,14,23,45,4,0,1,155,0.194,1,2,0,1
Ehlers,P,CMU ,2016,1,3.32,4,1,20,2,0,0,2,5,65,73,19,24,17,37,12,0,2,256,0.194,4,4,1,1
Williams,P,CMU ,2016,1,2.61,7,1,15,15,7,1,2,0,76,53,28,24,23,83,8,0,5,271,0.218,7,10,0,1
Herdt,P,CMU ,2013,1,2.23,7,1,15,15,7,1,2,0,76,76,25,22,23,83,8,1,5,348,0.196,7,10,0,1
Herdt,P,CMU ,2015,1,2.61,8,1,21,8,0,1,2,0,76,53,34,24,23,92,12,1,1,271,0.285,2,6,0,1
Ehlers,P,CMU ,2015,1,3.32,8,1,21,12,4,1,2,0,76,53,25,24,17,45,12,0,1,256,0.196,2,6,0,1
Reno,P,CMU ,2016,1,2.61,11,2,15,12,4,1,2,0,76,99,44,22,23,64,11,4,5,271,0.277,2,3,0,1
Herdt,P,CMU ,2016,1,2.61,8,1,21,8,0,1,2,0,76,73,25,24,23,92,11,0,5,271,0.196,2,6,0,1
Reno,P,CMU ,2016,1,0.92,7,0,15,10,4,2,2,0,68.1,42,44,7,9,77,11,0,1,358,0.179,1,3,0,1
Carma,P,CMU ,2016,1,0.92,8,0,11,10,3,0,3,0,68.1,42,10,7,22,77,6,2,1,234,0.271,14,8,0,1
McDermott,P,CMU ,2016,1,2.93,7,1,20,2,0,0,3,0,43,30,19,14,23,37,4,0,2,155,0.179,1,2,0,1
McDermott,P,CMU ,2013,1,0.92,7,1,15,10,7,2,3,0,97,76,28,24,23,83,9,0,1,348,0.218,1,6,0,1
McDermott,P,CMU ,2015,1,3.15,7,0,11,15,4,2,2,0,91.1,42,10,32,9,64,9,4,1,234,0.277,1,6,0,1
McDermott,P,CMU ,2016,1,0.92,7,1,20,2,0,0,3,0,68.1,42,10,7,22,37,9,0,1,234,0.179,1,6,0,1
Day,P,CMU ,2016,1,2.93,6,3,23,6,0,0,3,3,43,30,19,14,8,71,6,0,2,155,0.194,1,2,1,1
Day,P,CMU ,2017,1,3.32,6,1,21,6,0,0,2,3,58,73,17,24,8,71,12,0,1,256,0.285,4,4,1,1
Carma,P,CMU ,2008,1,2.64,6,3,23,12,0,0,0,3,58,42,33,30,8,78,6,0,2,174,0.21,14,4,0,1
Day,P,CMU ,2017,1,2.64,8,3,13,12,0,0,0,3,58,42,33,30,43,71,6,2,2,174,0.21,14,8,0,1
Ehlers,P,CMU ,2015,1,3.32,6,1,21,8,0,0,4,3,65,73,17,17,17,71,6,0,2,174,0.21,2,4,1,1
Day,P,CMU ,2017,1,2.64,8,3,23,12,0,0,4,3,58,42,33,17,43,71,6,2,2,314,0.271,14,4,1,1
Leahy,P,CMU ,2017,1,1.41,11,0,17,15,4,2,1,0,108.2,99,22,17,13,96,11,4,5,343,0.277,4,6,0,1
Ehlers,P,CMU ,2017,1,1.41,8,1,17,8,0,2,2,1,108.2,73,22,17,13,96,12,0,5,343,0.285,4,6,0,1
Williams,P,CMU ,2013,1,2.23,9,0,15,15,4,2,1,1,97,85,22,24,13,96,8,2,3,348,0.218,7,6,0,1
Leahy,P,CMU ,2017,1,1.41,8,0,21,8,4,2,2,3,65,73,22,17,13,96,10,2,5,256,0.253,4,4,0,1
Leahy,P,CMU ,2016,1,1.41,4,1,20,2,0,0,1,5,108.2,30,22,17,13,96,4,2,2,155,0.253,4,6,1,1
Reno,P,CMU ,2015,1,1.41,11,0,15,15,4,2,1,1,108.2,99,22,32,9,96,10,2,5,358,0.253,1,3,0,1
Ehlers,P,CMU ,2015,1,3.12,8,1,21,8,1,0,2,0,83.2,66,32,24,32,45,11,0,2,256,0.25,4,8,0,1
Williams,P,CMU,2017,1,2.23,9,1,15,14,1,2,1,0,83.2,66,32,29,23,108,8,0,2,348,0.218,6,10,0,1
McDermott,P,CMU,2017,1,3.12,9,1,15,15,7,0,1,0,97,66,28,29,32,83,11,0,2,348,0.218,6,8,0,1
Carma,P,CMU ,2008,1,3.12,8,1,16,14,1,0,0,0,83,66,32,30,32,108,6,1,2,314,0.271,14,8,2,1
Ehlers,P,CMU ,2016,1,3.12,8,1,20,14,0,0,1,5,43,66,32,14,23,37,4,1,2,297,0.25,6,2,1,1
McDermott,P,CMU ,2017,1,3.12,4,1,20,14,0,0,3,0,83.2,30,32,14,23,108,11,0,2,297,0.25,6,2,2,1
Williams,P,CMU,2015,6,2.23,5,1,15,15,7,2,1,0,97,76,40,26,25,54,8,0,3,348,0.285,7,5,0,1
Olinger,P,CSM ,2008,6,3.25,5,5,13,10,5,0,1,0,83,85,33,26,25,78,17,2,2,242,0.285,5,8,0,1
Olinger,P,CSM ,2016,1,2.93,5,5,10,10,0,0,1,5,43,30,19,26,25,54,17,0,4,155,0.285,5,2,0,1
Carma,P,CSM ,2015,1,3.71,8,5,13,10,5,0,0,0,83,85,33,30,25,78,17,0,4,314,0.285,5,5,0,1
Olinger,P,CMU,2015,6,2.23,5,5,10,10,7,0,1,0,97,69,40,26,25,83,8,0,4,348,0.285,5,5,0,1
Ehlers,P,CSM ,2016,6,2.93,5,1,20,2,0,0,1,0,63,69,40,26,25,37,4,0,2,155,0.194,5,2,0,1
Olinger,P,CSM ,2016,1,2.93,7,2,20,8,0,0,0,1,47.2,59,19,19,23,39,4,0,2,195,0.194,2,2,1,1
Olinger,P,CSM ,2016,1,2.93,7,1,20,2,0,0,0,5,47.2,59,19,19,15,37,10,0,2,195,0.194,1,2,0,1
Olinger,P,CMU ,2016,1,2.93,7,1,12,8,0,0,0,1,47.2,59,25,14,23,37,10,1,2,195,0.194,2,4,1,1
Williams,P,CMU,2016,1,2.23,9,2,12,15,7,2,0,1,97,59,28,24,15,39,10,0,3,195,0.303,2,10,0,1
Ehlers,P,CMU ,2016,1,3.32,7,1,12,8,2,0,0,3,47.2,73,25,19,15,39,12,1,3,195,0.303,2,4,0,1
Olinger,P,CSM ,2016,1,2.93,7,2,20,2,0,0,0,5,47.2,59,19,14,23,37,4,1,2,155,0.303,1,4,0,1
Carma,P,CMU ,2008,1,3.12,7,3,15,15,3,0,0,0,83,94,33,31,43,78,6,3,2,314,0.268,14,8,0,1
Reno,P,CSUP ,2015,2,3.12,7,2,15,15,4,2,2,0,91.1,99,40,31,23,64,14,3,5,351,0.268,5,10,0,1
Wittmus,P,CSUP ,2015,1,3.15,11,2,15,15,4,2,2,0,89.1,94,40,32,23,79,11,4,5,358,0.268,5,10,0,1
Ehlers,P,CMU ,2016,2,3.12,4,2,20,15,1,0,0,0,89.1,30,19,14,23,37,14,3,2,155,0.194,5,2,1,1
Carma,P,CMU ,2015,2,3.12,8,3,13,12,3,0,0,0,89.1,85,40,31,23,78,14,3,2,314,0.268,5,8,0,1
Wittmus,P,CSUP ,2008,2,3.25,7,3,13,12,3,0,0,0,83,94,33,31,43,78,14,3,2,351,0.271,5,10,0,1
Lazcano,P,CMU ,2017,4,3.25,8,3,14,12,3,0,0,0,93.1,85,50,33,29,97,14,2,6,319,0.271,14,8,0,1
Lazcano,P,CMU ,2017,1,3.25,8,3,13,14,3,1,0,0,93.1,84,50,33,43,78,6,1,2,319,0.271,4,6,0,1
Lazcano,P,CMU ,2015,1,3.32,6,1,14,14,3,1,0,0,65,84,34,33,29,97,12,1,1,256,0.268,4,4,0,1
Lazcano,P,CMU ,2015,4,3.32,6,1,14,8,3,1,2,0,93.1,84,50,24,17,45,14,1,6,319,0.285,4,4,2,1
Lazcano,P,CMU ,2017,4,3.25,6,3,13,12,3,1,0,0,93.1,84,33,33,29,78,6,2,6,314,0.268,4,6,2,1
Ehlers,P,CSUP ,2016,4,3.18,6,1,20,14,3,1,3,5,93.1,30,19,14,23,37,14,0,2,155,0.268,4,2,1,1
Green,P,MSUD ,2015,1,3.15,11,2,13,15,4,2,2,0,91.1,77,68,32,53,67,11,4,5,297,0.277,1,9,0,1
Green,P,MSUD ,2008,1,2.23,9,2,15,13,7,0,0,0,77.1,76,28,24,53,83,8,1,3,348,0.259,7,10,0,1
Green,P,MSUD ,2008,2,7.1,9,1,13,15,7,0,0,0,97,76,68,61,53,67,8,0,14,348,0.218,7,10,0,1
Green,P,MSUD ,2013,1,2.23,9,2,15,13,1,0,0,0,97,76,68,61,23,83,11,0,3,297,0.218,5,10,0,1
Williams,P,CMU,2013,1,2.23,9,2,13,15,7,2,1,0,97,77,68,24,23,67,8,0,14,348,0.259,5,10,0,1
Green,P,CMU,2008,2,7.1,9,1,13,15,7,2,0,0,77.1,76,28,24,23,67,11,1,3,348,0.259,5,9,0,1
Carma,P,MSUD ,2015,3,3.25,9,3,24,2,3,0,0,0,55.1,63,26,30,43,78,8,2,3,314,0.3,2,8,1,1
Reno,P,MSUD ,2015,3,3.25,9,3,15,15,0,0,2,2,91.1,99,44,32,11,51,11,4,5,210,0.277,2,3,0,1
Williams,P,CMU,2013,1,3.25,9,3,24,15,0,0,0,0,55.1,76,28,24,11,83,8,1,3,348,0.218,7,3,0,1
Reno,P,CMU ,2015,3,3.15,9,3,15,2,0,2,0,2,55.1,99,26,20,9,64,8,4,5,210,0.3,2,3,1,1
Baca,P,MSUD ,2016,1,3.25,4,1,24,2,0,0,0,5,55.1,30,26,20,23,51,4,0,3,155,0.194,2,2,1,1
Baca,P,MSUD ,2015,1,3.25,8,3,24,12,3,0,0,2,83,85,33,30,11,51,6,1,2,210,0.3,14,3,1,1
Reno,P,MSUD ,2015,1,2.9,5,7,15,15,4,1,2,0,91.1,76,44,32,9,95,11,3,6,311,0.277,1,3,0,1
Garcia,P,CMU ,2016,5,2.9,4,7,20,2,2,1,3,0,83.2,76,19,27,23,95,13,3,2,155,0.194,7,5,1,1
Carma,P,CMU ,2016,5,3.25,8,3,12,12,2,0,0,0,83.2,85,33,27,29,95,6,3,2,314,0.271,7,5,0,1
Ehlers,P,CMU ,2016,1,2.9,5,1,12,12,2,0,2,0,83.2,76,40,24,17,45,13,0,1,256,0.244,7,4,0,1
Garcia,P,CMU,2016,5,2.23,9,7,15,15,2,1,1,0,97,76,40,27,23,83,13,0,6,348,0.218,7,5,0,1
Garcia,P,MSUD ,2015,5,2.9,5,7,12,15,2,1,0,0,83.2,99,44,32,29,95,11,4,5,311,0.244,1,3,0,1
Williams,P,CMU,2013,3,3.27,9,2,18,15,2,2,1,5,66,67,28,24,23,83,9,1,3,348,0.218,7,4,0,1
Almeida,P,NMHU,2016,3,3.27,6,1,20,8,0,0,3,5,66,30,19,14,23,73,9,1,1,254,0.264,1,4,2,1
Almeida,P,NMHU,2015,1,3.32,6,1,21,8,2,0,2,3,65,67,28,24,17,73,9,1,1,254,0.264,4,4,0,1
Ehlers,P,CMU ,2013,3,3.32,8,1,18,8,0,0,1,3,66,67,34,24,23,73,9,1,1,254,0.285,4,4,0,1
Almeida,P,CMU,2013,1,2.23,9,2,18,8,2,0,1,0,97,76,28,24,23,73,8,1,3,254,0.218,6,10,0,1
Carma,P,NMHU,2013,1,3.25,6,3,18,12,2,0,1,5,83,85,28,24,23,73,9,2,1,254,0.264,6,4,2,1
Brault,P,CMU ,2008,1,2.63,8,3,13,11,3,0,1,0,78.2,85,25,30,43,103,10,2,2,286,0.271,2,8,0,1
Brault,P,CMU,2013,1,2.63,9,3,15,15,7,1,1,0,78.2,69,25,23,23,103,10,0,3,286,0.241,2,10,0,1
Brault,P,RU,2013,4,2.23,9,1,15,11,3,2,1,0,97,69,25,23,23,83,10,0,3,348,0.218,2,9,0,1
Ehlers,P,CMU ,2015,1,2.63,8,1,21,8,0,0,2,3,65,69,25,24,17,103,10,0,3,256,0.241,2,4,0,1
Brault,P,CMU ,2008,1,2.63,8,3,13,12,3,0,0,0,78.2,69,25,30,43,103,6,2,2,286,0.271,2,8,0,1
Brault,P,CMU ,2013,4,2.63,8,1,11,2,3,1,3,5,43,69,19,23,23,103,4,0,3,155,0.241,1,9,0,1
Ehlers,P,RU,2013,4,2.45,10,1,12,2,7,0,3,5,73.1,30,30,14,23,37,10,0,2,155,0.307,3,2,1,1
Schwein,P,CMU ,2008,4,2.45,10,1,13,12,7,0,0,0,73.1,91,30,30,15,32,6,0,2,314,0.307,14,8,0,1
Reno,P,RU,2013,4,3.15,10,1,15,10,4,1,1,0,91.1,91,30,32,9,64,10,0,3,358,0.307,1,3,0,1
Williams,P,CMU,2013,1,2.45,10,1,15,15,7,1,1,0,73.1,76,30,24,23,32,8,0,3,296,0.307,3,4,0,1
Williams,P,CMU,2013,4,2.23,10,1,12,10,7,1,1,0,73.1,76,28,20,23,32,8,0,3,296,0.307,3,4,0,1
Reno,P,CMU ,2015,1,3.15,10,1,15,15,4,2,2,0,91.1,99,30,32,9,32,10,4,5,296,0.307,3,3,0,1
Reno,P,RU ,2017,6,3.15,3,2,15,0,0,0,0,0,91.1,37,44,32,9,64,11,4,5,358,0.277,1,4,0,1
Kenny,P,RU ,2017,6,3.25,3,3,22,0,3,0,0,7,41.1,37,17,13,43,78,6,2,2,136,0.258,3,8,0,1
Ehlers,P,RU ,2015,6,2.83,3,3,22,8,0,0,2,3,41.1,73,34,24,10,45,6,0,2,256,0.258,4,4,0,1
Reno,P,RU ,2015,6,2.83,3,2,22,0,4,2,0,7,91.1,37,17,13,9,53,6,0,2,358,0.258,3,4,0,1
Ehlers,P,RU ,2016,1,2.93,4,1,22,0,0,0,0,5,41.1,30,17,14,10,53,4,0,2,136,0.194,3,2,0,1
Williams,P,RU ,2013,1,2.83,9,1,15,0,7,0,0,0,41.1,37,17,13,23,83,6,0,3,136,0.258,7,10,0,1
Reno,P,UCCS ,2017,1,3.32,1,2,19,15,4,2,0,8,21.2,25,14,32,8,17,4,0,1,99,0.275,1,3,0,1
Slocum,P,UCCS ,2017,1,3.32,4,4,19,0,0,0,3,8,43,25,14,8,23,37,4,0,1,155,0.275,1,3,0,1
Slocum,P,UCCS ,2016,5,2.93,1,4,19,2,0,0,3,5,21.2,25,19,14,8,17,4,0,1,155,0.194,1,3,0,1
Slocum,P,UCCS ,2015,5,3.32,1,4,19,0,0,0,2,3,21.2,73,34,24,8,45,4,0,1,256,0.285,2,3,0,1
Slocum,P,UCCS ,2017,5,3.25,8,4,13,0,3,0,0,8,83,25,14,8,43,78,6,2,1,99,0.271,14,3,0,1
Slocum,P,CMU ,2015,5,3.32,1,4,19,8,0,0,0,3,21.2,73,14,24,8,17,4,0,1,256,0.275,4,4,0,1
Sheldon,P,CMU ,2008,4,5.08,7,3,12,11,4,0,0,0,83,85,49,45,43,78,11,2,6,314,0.271,14,5,2,1
Carma,P,CMU ,2008,4,3.25,8,3,13,11,3,0,0,0,79.2,85,33,45,16,78,11,2,6,314,0.271,14,5,0,1
Sheldon,P,CMU ,2008,4,5.08,7,2,15,15,4,2,2,0,91.1,83,44,45,9,82,11,3,6,314,0.277,9,3,0,1
Sheldon,P,UNK ,2008,1,3.25,8,3,12,11,3,0,0,0,79.2,85,33,30,43,78,6,2,2,314,0.271,14,8,0,1
Williams,P,UNK ,2008,1,5.08,7,1,12,15,4,0,0,0,79.2,83,28,24,16,83,11,3,6,348,0.264,7,10,0,1
Sheldon,P,CMU ,2015,4,3.15,11,2,12,15,4,0,0,0,91.1,83,44,32,16,64,11,4,6,314,0.277,1,5,2,1
Guinn,P,CMU,2016,1,1.4,4,1,29,0,0,0,1,9,43,30,19,14,10,39,4,0,2,145,0.241,1,1,0,1
Carma,P,CMU ,2008,1,1.4,5,3,13,0,3,0,0,0,38.2,35,12,30,10,39,6,2,4,145,0.241,1,1,0,1
Guinn,P,CMU,2009,1,1.4,8,1,29,0,0,0,1,3,65,35,34,6,10,45,12,0,4,145,0.285,4,4,0,1
Guinn,P,CMU ,2009,1,1.4,5,2,29,0,0,0,1,9,38.2,99,12,32,9,39,3,4,5,145,0.241,1,3,0,1
Reno,P,CMU ,2015,1,3.15,5,2,15,15,0,2,2,0,38.2,99,12,6,10,64,3,4,4,145,0.241,1,3,0,1
Ehlers,P,CMU,2016,1,1.4,4,2,20,2,0,0,1,9,43,30,19,14,23,37,3,0,2,155,0.241,1,2,1,1
Reno,P,CMU,2009,1,3.15,11,1,16,9,2,1,1,0,91.1,77,44,32,9,66,16,2,5,358,0.261,1,10,0,1
Ehlers,P,CMU ,2009,1,3.32,8,1,21,9,0,1,2,3,75,73,39,30,17,66,16,0,1,295,0.285,4,10,0,1
Lamaster,P,CMU ,2015,1,3.6,7,1,21,8,2,0,2,0,65,77,39,30,27,45,16,0,7,256,0.285,4,10,0,1
Lamaster,P,CMU ,2008,1,3.6,7,3,16,9,2,0,1,0,83,77,39,30,27,78,16,2,7,314,0.261,14,8,0,1
Lamaster,P,CMU ,2015,1,3.6,8,1,21,8,2,1,1,3,65,77,39,30,27,66,16,0,1,295,0.285,4,4,0,1
Ehlers,P,CMU,2009,1,3.6,7,1,16,9,2,0,2,3,75,77,39,24,27,66,16,2,7,295,0.285,4,4,0,1
Reno,P,CMU,2010,2,3.15,8,3,15,15,5,2,2,0,91.1,99,44,32,32,64,11,4,11,304,0.266,7,3,1,1
Williams,P,CMU,2010,1,5.35,9,3,15,14,5,2,1,0,97,76,28,47,32,83,15,0,11,304,0.266,7,10,1,1
Ehlers,P,CMU,2010,2,5.35,8,1,15,8,0,0,2,3,79,73,52,24,32,66,15,0,1,304,0.266,4,6,0,1
Shea,P,CMU,2016,2,5.35,8,3,15,14,5,0,1,0,43,81,19,47,32,37,4,0,11,304,0.266,1,6,1,1
Williams,P,CMU,2010,1,2.23,8,1,15,15,7,2,1,0,79,76,52,47,32,83,15,0,11,304,0.266,7,10,1,1
Ehlers,P,CMU,2010,2,5.35,8,3,21,14,0,0,1,3,65,81,34,47,32,66,12,0,1,256,0.285,7,4,0,1
Carma,P,CMU,2014,1,3.25,8,2,13,4,0,0,0,0,83,85,23,30,14,43,6,2,1,314,0.271,4,8,0,1
Allen,P,CMU,2014,1,2.98,7,2,17,15,4,2,1,0,60.1,99,23,20,9,64,11,0,5,226,0.277,1,7,0,1
Allen,P,CMU,2014,1,3.15,11,2,15,4,0,2,1,4,60.1,99,23,20,14,64,10,0,1,358,0.257,1,7,0,1
Carma,P,CMU ,2008,1,3.25,7,2,13,12,3,0,1,0,83,58,33,20,14,78,10,2,2,314,0.257,4,8,0,1
Reno,P,CMU ,2015,1,2.98,11,2,17,15,4,0,1,0,91.1,58,23,32,14,64,11,4,5,358,0.277,4,7,0,1
Allen,P,CMU,2013,1,2.23,9,2,15,15,0,2,1,0,97,58,28,20,14,83,8,0,3,226,0.257,7,10,0,1
Williams,P,CMU,2014,1,3.06,6,1,15,12,7,1,2,0,64.2,76,28,24,12,83,8,5,3,242,0.24,2,1,0,1
Danner,P,CMU ,2014,1,3.32,8,1,21,12,0,1,2,3,64.2,58,34,22,17,36,12,0,1,256,0.24,2,4,0,1
Danner,P,CMU ,2008,1,3.06,8,2,13,12,2,1,0,0,83,85,26,22,12,36,6,2,2,242,0.24,2,8,0,1
Danner,P,CMU,2013,1,3.06,9,1,15,15,7,1,1,0,64.2,58,26,24,23,36,8,0,1,348,0.24,7,1,0,1
Carma,P,CMU,2008,1,3.06,6,3,12,12,2,0,0,0,83,85,26,30,12,36,11,2,1,314,0.271,14,8,0,1
Ehlers,P,CMU ,2015,1,3.06,8,2,21,8,2,1,2,0,65,73,34,24,12,36,12,0,1,242,0.285,4,4,0,1
Delay,P,CMU ,2015,1,3.15,8,1,15,13,1,1,2,0,91.1,99,43,36,9,64,15,4,5,358,0.271,1,2,1,1
Delay,P,CMU,2015,1,3.15,8,1,15,13,1,1,2,0,90.2,96,44,32,25,56,15,2,5,358,0.271,1,3,0,1
Ehlers,P,CMU ,2016,1,2.93,8,1,20,13,1,0,1,5,43,96,19,36,23,56,15,0,8,354,0.194,1,2,1,1
Ehlers,P,CMU ,2014,1,2.93,4,1,20,13,1,0,1,0,90.2,96,43,36,23,37,4,0,8,155,0.271,5,2,1,1
Ehlers,P,CMU ,2014,1,2.93,4,1,15,2,1,1,1,0,90.2,30,43,36,25,37,4,2,2,155,0.271,5,2,1,1
Delay,P,CMU,2014,1,3.57,9,1,15,15,7,1,1,0,97,76,28,36,25,83,15,2,8,348,0.271,7,10,1,1
Christensen,P,CMU ,2011,2,3.15,11,4,15,12,4,2,0,1,91.1,99,44,29,17,59,11,1,5,317,0.277,1,3,1,1
Ehlers,P,CMU ,2011,2,3.09,7,1,21,12,5,0,2,1,84.1,85,34,29,17,45,12,1,7,317,0.285,1,4,0,1
Reno,P,CMU ,2015,2,3.09,11,2,15,12,5,2,2,0,91.1,99,44,32,17,59,14,4,5,358,0.268,1,2,0,1
Christensen,P,CMU ,2008,2,3.09,7,3,15,12,3,1,0,1,84.1,85,36,30,17,78,14,2,7,317,0.271,14,2,1,1
Christensen,P,CMU ,2013,2,3.09,9,1,15,15,7,2,0,0,84.1,85,28,24,17,59,14,0,7,317,0.268,1,10,0,1
Williams,P,CMU,2013,1,2.23,9,1,15,12,5,1,1,1,84.1,76,28,24,23,59,14,1,7,348,0.268,7,2,0,1
Carma,P,CMU ,2008,1,3.25,8,3,15,14,2,0,0,0,92,70,33,30,43,78,6,2,2,330,0.212,14,15,0,1
Ehlers,P,CMU ,2015,1,3.52,8,4,21,8,0,0,1,3,65,73,34,24,62,108,12,2,3,330,0.212,4,4,0,1
Williams,P,CMU,2013,2,3.52,9,1,15,15,2,0,1,0,92,76,28,24,62,83,12,0,3,330,0.218,7,15,0,1
Snell,P,CMU ,2013,1,2.23,7,1,15,14,7,2,1,0,97,70,47,36,62,108,12,0,3,348,0.218,7,15,0,1
Snell,P,CMU ,2011,2,3.52,7,4,15,15,7,0,1,0,97,76,28,24,62,83,12,2,3,330,0.212,7,15,0,1
Snell,P,CMU ,2011,1,3.32,7,4,15,8,2,0,2,3,92,73,47,36,17,108,12,0,3,330,0.212,4,15,0,1
Carma,P,CMU ,2012,1,1.4,8,3,13,12,3,0,0,0,19.1,85,4,30,43,20,4,0,0,75,0.267,14,1,1,1
Reno,P,CMU ,2015,1,1.4,11,0,15,0,4,0,2,8,19.1,20,44,32,9,64,11,4,0,75,0.267,2,3,1,1
Williams,P,CMU,2012,1,1.4,9,0,15,0,0,0,1,0,97,76,4,3,7,20,8,0,3,348,0.218,2,1,0,1
Benham,P,CMU ,2015,1,3.32,1,1,17,0,0,0,0,8,19.1,73,4,3,17,20,12,0,1,75,0.267,4,1,0,1
Benham,P,CMU ,2016,1,1.4,1,1,17,0,0,0,0,8,19.1,30,4,3,7,20,4,0,0,155,0.194,1,2,1,1
Benham,P,CMU ,2008,1,1.4,8,3,17,0,3,0,0,8,83,20,33,3,7,78,6,0,2,314,0.267,2,8,0,1
Carma,P,CMU ,2012,1,3.49,12,3,13,14,4,1,2,0,90.1,85,33,30,43,61,6,2,2,335,0.263,14,5,0,1
Christensen,P,CMU ,2012,1,3.49,12,3,15,15,4,2,2,0,91.1,88,38,32,9,64,11,2,6,358,0.263,0,3,3,1
Williams,P,CMU ,2012,1,2.23,12,1,15,15,7,1,1,0,97,88,28,24,23,83,8,2,3,348,0.263,7,10,3,1
Ehlers,P,CMU ,2012,1,2.93,12,3,20,2,0,1,3,5,43,30,38,14,14,37,4,2,6,155,0.263,1,5,1,1
Williams,P,CMU,2012,1,2.23,12,3,15,15,7,1,2,0,97,88,38,35,23,61,8,0,3,348,0.263,0,10,3,1
Reno,P,CMU ,2015,1,3.15,11,3,15,14,4,1,2,0,90.1,88,38,32,14,64,11,2,5,335,0.263,0,5,0,1
Snell,P,CMU ,2012,1,4.46,9,3,13,14,2,0,0,0,82.2,85,53,41,43,78,6,1,2,314,0.271,8,8,1,1
Ehlers,P,CMU ,2012,1,2.93,9,1,20,2,2,0,3,0,82.2,81,53,14,47,37,4,0,3,155,0.252,1,2,1,1
Snell,P,CMU ,2012,1,2.23,9,1,15,15,7,1,1,0,97,81,53,41,47,105,11,0,3,348,0.252,8,13,1,1
Ehlers,P,CMU ,2012,1,3.32,8,1,21,14,0,1,1,0,82.2,81,53,24,47,105,11,0,1,256,0.252,8,13,0,1
Ehlers,P,CMU ,2015,1,3.32,9,1,14,8,2,0,1,0,82.2,73,53,24,47,105,12,1,1,321,0.285,8,13,1,1
Ehlers,P,CMU ,2012,1,4.46,8,1,21,8,0,1,2,0,82.2,81,34,41,17,105,12,0,3,321,0.252,4,4,0,1
Olinger,P,CMU ,2014,4,3.6,11,4,13,10,4,2,0,0,65,99,44,32,9,64,11,4,5,246,0.272,2,4,0,1
Ehlers,P,CSM,2014,4,3.6,4,4,20,2,4,0,3,5,65,30,33,14,23,41,4,0,2,155,0.194,1,2,0,1
Olinger,P,CMU,2013,4,2.23,6,1,13,10,7,2,0,0,97,76,33,26,13,83,8,0,3,246,0.218,2,4,0,1
Ehlers,P,CSM,2016,4,3.6,6,4,20,10,0,0,3,1,65,67,33,26,23,37,4,0,10,155,0.194,1,4,0,1
Ehlers,P,CSM,2016,1,2.93,6,4,20,2,0,0,0,5,65,67,33,14,13,41,11,0,2,246,0.194,1,2,1,1
Olinger,P,CSM,2014,4,3.6,6,4,13,10,4,0,0,0,65,67,33,30,13,78,6,2,2,246,0.272,2,4,0,1
Carma,P,CMU ,2008,1,5.47,8,3,18,15,3,0,0,0,97,85,74,59,51,76,14,3,2,391,0.269,14,8,0,1
Ehlers,P,CMU ,2015,3,5.47,9,1,21,8,0,0,2,3,65,73,34,59,51,76,12,0,1,256,0.269,4,8,0,1
Williams,P,CMU,2009,1,2.23,9,6,15,15,7,0,1,0,97,105,28,59,23,83,8,3,16,391,0.218,14,8,0,1
Mattivi,P,CMU ,2009,1,5.47,9,6,18,15,4,2,2,1,97,105,44,32,9,64,14,3,16,358,0.277,14,8,0,1
Mattivi,P,CMU ,2015,3,5.47,11,6,15,15,2,0,1,0,97,99,74,59,51,64,14,4,16,391,0.269,14,8,1,1
Ehlers,P,CSUP,2009,1,3.32,9,1,21,15,2,0,2,3,97,105,74,24,51,45,14,3,1,391,0.269,14,4,1,1
Carma,P,CMU ,2008,3,3.61,8,3,14,14,3,0,0,0,82.1,85,49,33,43,78,6,4,2,314,0.283,14,10,0,1
Fabrizio,P,CMU ,2015,3,3.15,11,3,14,15,1,0,2,0,91.1,99,49,33,44,64,9,4,3,358,0.283,1,3,3,1
Fabrizio,P,CMU ,2008,1,3.61,8,3,14,14,1,0,0,0,82.1,91,33,33,43,78,6,4,3,314,0.283,14,10,0,1
Carma,P,CMU ,2014,3,3.61,8,3,14,14,1,0,0,0,82.1,91,49,33,44,74,9,4,3,314,0.271,14,8,0,1
Ehlers,P,CSUP,2015,3,3.61,8,3,21,8,1,0,0,0,82.1,91,34,24,44,74,9,0,1,322,0.283,4,10,0,1
Fabrizio,P,CMU,2013,3,3.61,9,1,15,15,7,2,1,0,97,91,28,24,44,83,8,0,3,322,0.283,7,10,3,1
Fabrizio,P,CMU,2012,3,2.23,9,6,15,15,7,2,1,0,102.2,122,28,24,32,83,27,3,3,348,0.218,7,12,0,1
Fabrizio,P,CMU ,2016,3,4.38,4,6,20,14,4,0,3,5,102.2,122,19,50,23,87,27,0,4,419,0.291,10,12,2,1
Fabrizio,P,CMU ,2012,3,3.25,8,3,13,12,3,0,0,0,102.2,122,33,30,43,78,6,3,2,419,0.291,10,12,2,1
Reno,P,CSUP ,2015,1,3.15,11,6,15,15,4,2,2,0,102.2,99,44,32,9,87,27,4,4,358,0.277,1,12,0,1
Ehlers,P,CSUP ,2016,1,2.93,7,1,20,2,0,0,3,5,43,30,63,14,23,87,27,0,2,155,0.194,1,2,2,1
Fabrizio,P,CSUP ,2012,3,3.15,7,2,15,14,4,0,0,0,102.2,99,44,32,9,87,27,4,4,358,0.291,1,3,2,1
Eckert,P,MSUD ,2016,1,2.93,7,4,25,2,1,0,3,2,54.1,66,39,35,29,37,4,0,2,155,0.194,1,9,1,1
Ehlers,P,MSUD ,2015,2,5.8,8,4,21,8,0,0,0,2,54.1,73,34,35,29,45,12,1,4,215,0.285,10,4,0,1
Eckert,P,MSUD ,2008,2,3.25,8,4,25,2,3,0,0,2,83,66,33,35,29,78,6,2,4,215,0.307,10,8,0,1
Reno,P,MSUD ,2015,1,5.8,11,4,15,15,4,0,2,2,91.1,99,39,32,9,45,13,1,5,215,0.277,10,3,0,1
Eckert,P,MSUD ,2015,1,5.8,7,1,25,8,0,0,2,2,65,73,39,24,29,45,12,0,1,215,0.285,4,4,0,1
Eckert,P,MSUD ,2008,1,5.8,8,4,25,12,3,0,0,2,54.1,66,39,35,43,78,6,1,2,215,0.307,14,9,0,1
Vassil,P,NMHU,2009,1,5.02,9,4,15,15,0,0,2,3,65,73,34,60,24,45,12,0,1,448,0.285,4,5,1,1
Vassil,P,NMHU,2009,2,2.93,9,4,15,2,5,0,0,5,43,137,71,14,24,74,4,0,8,448,0.194,1,5,1,1
Carma,P,CMU ,2009,1,5.02,9,3,15,12,3,0,0,0,83,85,33,60,43,74,6,2,8,314,0.271,14,5,0,1
Vassil,P,CMU ,2008,2,3.25,8,4,13,15,3,0,0,0,107.2,137,71,30,24,78,6,2,2,314,0.271,5,8,0,1
Williams,P,CMU,2009,1,5.02,9,1,15,15,5,0,1,0,107.2,137,28,24,23,74,8,0,3,448,0.306,5,10,1,1
Vassil,P,NMHU,2009,1,5.02,9,1,15,2,5,0,0,5,43,137,19,60,23,74,4,0,8,448,0.194,1,5,1,1
Vassil,P,CMU ,2010,1,4.34,4,2,16,2,3,0,3,5,103.2,120,61,50,23,37,23,1,13,155,0.291,1,5,1,1
Ehlers,P,NMHU,2015,1,3.32,8,1,16,8,0,0,2,3,65,120,34,24,22,74,12,0,13,256,0.291,5,4,1,1
Ehlers,P,NMHU,2015,1,3.32,8,1,21,15,3,0,1,0,65,73,34,24,22,45,23,0,1,413,0.291,5,5,0,1
Vassil,P,CMU,2013,1,2.23,12,1,16,15,7,0,1,0,97,76,61,50,22,74,8,1,3,348,0.291,5,5,1,1
Carma,P,CMU ,2010,1,4.34,8,3,16,15,3,0,1,0,83,85,33,30,43,74,6,2,13,314,0.291,14,5,0,1
Reno,P,NMHU,2010,1,4.34,12,2,16,15,4,0,1,0,103.2,120,44,50,9,64,23,1,5,358,0.291,1,5,0,1
Ehlers,P,RU,2010,1,3.32,5,4,21,8,4,0,0,0,93.2,73,67,52,27,55,12,3,13,256,0.314,4,4,0,1
Carma,P,RU,2008,1,3.25,8,3,13,14,4,0,0,0,93.2,85,67,30,27,78,25,3,2,314,0.271,3,4,3,1
Henderson,P,CMU ,2010,1,5,8,4,21,8,0,0,2,0,93.2,120,67,52,17,45,25,0,13,256,0.285,3,4,3,1
Henderson,P,CMU ,2016,1,2.93,4,4,14,14,4,0,0,0,93.2,120,67,14,27,37,4,0,13,155,0.314,3,2,1,1
Ehlers,P,CMU ,2015,6,3.32,8,1,14,8,4,0,0,3,65,73,34,24,17,55,12,3,13,382,0.314,3,4,0,1
Ehlers,P,CMU ,2010,1,2.93,4,1,20,2,4,0,0,5,93.2,30,19,52,27,55,4,3,2,155,0.194,1,2,3,1
Henderson,P,RU ,2011,1,5.15,9,4,15,13,6,2,1,0,99.2,121,66,57,23,62,8,0,7,395,0.306,7,10,0,1
Reno,P,RU ,2015,1,5.15,7,2,15,15,4,2,2,0,91.1,99,44,57,9,64,18,4,5,358,0.306,5,5,0,1
Henderson,P,CMU ,2011,5,2.93,7,1,20,2,0,1,3,5,99.2,30,19,57,23,37,4,5,7,395,0.194,5,5,0,1
Henderson,P,CMU ,2015,1,3.32,8,4,13,13,6,1,0,0,65,121,34,57,17,45,12,5,1,256,0.306,4,5,0,1
Ehlers,P,CMU ,2016,5,2.93,4,1,13,2,6,0,3,5,99.2,30,19,57,23,62,18,5,2,155,0.194,5,5,1,1
Henderson,P,CMU ,2015,1,3.32,8,1,13,13,0,0,0,0,65,121,66,24,17,62,12,5,1,256,0.306,4,4,0,1
Reno,P,RU ,2012,4,3.83,11,2,14,15,4,1,2,0,91.1,113,52,32,11,83,35,4,6,404,0.28,1,3,0,1
Henderson,P,RU ,2015,1,3.83,11,2,15,14,4,2,0,0,91.1,99,44,32,9,64,35,3,5,358,0.277,4,6,0,1
Ehlers,P,RU ,2012,1,3.83,6,5,14,14,0,0,0,3,65,73,52,43,11,83,35,3,1,404,0.28,4,6,0,1
Henderson,P,CMU ,2012,4,3.83,6,5,13,12,6,0,0,0,101,85,33,30,11,78,6,2,2,314,0.271,14,8,0,1
Henderson,P,RU ,2012,4,3.83,6,1,14,14,7,2,0,0,101,113,28,24,11,83,8,0,3,348,0.28,4,10,0,1
Henderson,P,CMU ,2016,4,2.93,6,1,14,2,6,0,0,0,101,30,52,43,11,83,35,0,2,155,0.194,4,2,0,1
Sheldon,P,CMU ,2015,5,3.32,9,4,14,14,0,0,1,0,102,73,34,54,17,105,22,0,16,256,0.282,4,3,0,1
Sheldon,P,CMU ,2009,1,4.76,8,1,14,14,0,0,2,3,102,73,34,24,17,45,22,0,16,404,0.282,5,3,2,1
Reno,P,UNK,2009,5,3.15,11,2,15,14,5,2,1,0,91.1,99,61,32,23,105,11,4,16,358,0.277,5,3,2,1
Reno,P,CMU ,2015,1,4.76,11,4,15,15,5,2,1,0,102,114,61,54,9,64,22,3,5,404,0.282,5,3,2,1
Williams,P,CMU,2009,1,4.76,9,1,15,14,5,2,1,0,102,114,28,54,23,83,22,0,16,348,0.282,5,10,0,1
Reno,P,CMU ,2009,1,3.15,9,2,15,14,4,2,2,0,91.1,99,61,32,23,64,22,4,16,358,0.282,5,3,0,1
Kresse,P,CMU ,2015,3,4.13,11,2,15,15,0,2,0,0,28.1,34,44,32,3,64,3,1,5,119,0.286,2,6,0,1
Carma,P,UNK,2008,1,3.25,8,1,13,0,0,0,0,3,28.1,34,33,13,3,78,6,1,3,314,0.271,2,6,0,1
Kresse,P,UNK,2010,1,3.25,8,3,15,0,0,0,0,0,28.1,34,33,13,43,26,6,2,3,314,0.286,14,8,0,1
Kresse,P,UNK,2010,3,3.25,2,1,13,12,3,0,0,3,28.1,85,17,13,43,78,3,1,2,119,0.271,14,6,0,1
Reno,P,CMU ,2010,1,4.13,11,1,15,0,0,0,0,0,91.1,34,44,13,9,64,3,1,3,358,0.286,1,3,0,1
Kresse,P,CMU ,2015,3,4.13,2,1,15,0,0,0,2,3,65,73,34,13,3,45,3,0,3,119,0.285,4,4,0,1
Williams,P,CMU,2013,1,2.23,9,5,15,15,5,2,1,0,100.2,76,28,24,31,83,23,5,3,409,0.291,7,10,0,1
Loschen,P,UNK,2008,1,4.92,8,5,15,15,3,0,0,0,83,85,33,55,31,77,23,2,9,409,0.291,14,8,0,1
Loschen,P,CMU ,2015,3,4.92,9,5,21,15,5,0,2,0,65,73,34,24,31,45,12,0,1,409,0.291,6,17,0,1
Loschen,P,CMU ,2016,1,2.93,9,1,15,2,0,0,1,5,43,119,19,14,31,77,4,5,2,155,0.291,1,2,0,1
Williams,P,UNK,2010,1,2.23,9,5,15,15,7,0,1,0,97,119,67,55,31,83,23,5,3,409,0.291,7,17,0,1
Loschen,P,UNK,2013,3,2.23,9,1,15,15,7,0,1,0,97,76,67,55,23,77,23,5,3,409,0.218,7,17,0,1
Kresse,P,CMU ,2015,1,3.25,6,1,21,8,0,0,0,10,65,59,28,19,17,45,12,0,1,210,0.285,4,6,0,1
Kresse,P,UNK ,2011,1,3.25,8,2,32,0,3,0,0,10,83,85,28,30,43,78,10,2,2,314,0.281,4,6,0,1
Kresse,P,CMU,2011,1,2.23,9,2,32,15,7,0,1,0,52.2,59,28,24,23,44,8,0,3,210,0.281,7,6,0,1
Kresse,P,UNK ,2015,1,3.25,8,2,32,0,0,0,2,3,52.2,59,28,19,11,45,12,0,2,256,0.285,4,4,0,1
Kresse,P,UNK ,2011,1,2.93,4,1,32,0,0,0,0,5,52.2,59,28,14,23,37,10,0,2,210,0.194,1,6,1,1
Ehlers,P,UNK ,2011,1,3.25,8,2,32,8,0,0,2,3,52.2,73,28,24,17,45,10,0,1,210,0.281,4,6,0,1
Williams,P,CMU,2011,1,2.23,8,1,15,15,3,0,0,0,103,76,28,47,34,56,8,2,3,348,0.218,9,5,0,1
Ehlers,P,UNK ,2016,1,2.93,8,2,15,2,3,0,0,5,43,112,19,14,23,56,4,2,4,410,0.273,9,5,0,1
Stachura,P,UNK ,2011,1,3.15,8,2,15,15,3,0,2,0,103,99,44,47,34,56,11,4,5,410,0.277,1,5,0,1
Carma,P,CMU ,2008,1,4.11,8,2,13,15,3,0,0,0,103,85,33,30,34,78,6,2,2,410,0.273,14,8,0,1
Stachura,P,CMU,2013,1,2.23,9,2,15,15,3,2,1,0,103,76,61,47,34,83,13,2,4,348,0.218,9,5,0,1
Ehlers,P,CMU ,2016,1,2.93,8,1,15,15,0,0,0,0,103,30,61,47,34,56,13,2,4,155,0.194,1,5,1,1
Heibult,P,RU ,2015,7,4.81,7,3,12,11,3,0,0,0,63.2,71,39,34,26,50,15,3,1,250,0.284,5,4,7,2
Soto,P,CSUP ,2015,2,3.63,9,3,15,15,0,0,0,0,69.1,76,34,28,41,54,11,1,2,264,0.288,7,0,0,2
Fabrizio,P,CSUP,2013,2,4.37,7,2,12,10,4,0,1,1,68,82,37,33,27,43,22,1,4,272,0.301,5,6,5,2
Jamison,P,MSUD,2009,4,6.88,6,4,14,10,2,1,1,0,69.1,86,61,53,51,52,10,3,6,267,0.322,16,18,4,2
Davis,P,CMU,2014,1,3.29,7,1,14,14,0,0,0,0,82,86,37,30,24,45,12,2,1,311,0.277,2,7,0,2
Hand,P,MSUD,2014,7,2.12,3,3,13,6,4,0,0,2,51,54,19,12,14,31,8,2,0,204,0.265,3,3,0,2
Mattivi,P,CSUP ,2008,7,4.92,7,2,17,10,1,0,0,1,64,78,47,35,35,53,19,2,2,262,0.298,11,8,3,2
Harrison,P,NMHU,2014,2,5.5,7,2,15,13,1,0,0,0,93.1,126,65,57,25,55,20,1,7,383,0.329,13,7,0,2
Behr,P,CMU ,2015,1,1.46,2,1,17,2,0,0,1,0,37,34,17,6,11,38,9,0,1,144,0.236,4,2,1,2
Ryan,P,CSM,2009,8,7.15,3,5,11,10,2,0,0,0,56.2,77,60,45,24,41,20,5,6,248,0.31,5,5,0,2
Vega,P,MSUD ,2017,3,4.54,7,2,14,14,4,0,0,0,85.1,104,51,43,21,63,16,2,5,307,0.294,5,10,1,2
Snell,P,CMU,2013,1,2.89,7,1,14,14,0,0,1,0,84,74,42,27,46,94,8,1,2,313,0.236,7,9,5,2
Davis,P,CMU,2014,1,3.29,7,1,14,14,0,0,0,0,82,86,37,30,24,45,12,2,1,311,0.277,2,7,0,2
Lalk,P,MSUD ,2015,3,3.12,4,1,15,11,2,1,1,1,92.1,84,35,32,22,89,10,1,6,346,0.243,2,3,1,2
Borowski,P,CMU ,2016,1,1.59,6,4,19,1,0,0,1,6,51,42,12,9,6,56,8,0,3,181,0.232,2,2,0,2
Lalk,P,MSUD ,2015,3,3.12,4,1,15,11,2,1,1,1,92.1,84,35,32,22,89,10,1,6,346,0.243,2,3,1,2
Behr,P,CMU ,2015,1,1.46,2,1,17,2,0,0,1,0,37,34,17,6,11,38,9,0,1,144,0.236,4,2,1,2
Pomierski,P,CSUP ,2011,4,2.15,2,2,24,0,0,0,0,6,46,36,20,11,22,45,9,0,1,169,0.213,2,1,0,2
Hand,P,MSUD,2014,7,2.12,3,3,13,6,4,0,0,2,51,54,19,12,14,31,8,2,0,204,0.265,3,3,0,2
Metter,P,UNK ,2011,1,3.83,8,3,16,14,5,0,0,0,84.2,99,44,36,32,61,15,2,1,335,0.296,6,9,0,2
Struble,P,CSUP,2013,2,3.48,9,4,16,16,4,1,1,0,101,94,47,39,32,78,18,6,3,372,0.253,1,8,0,2
Musielak,P,RU ,2008,3,6.75,6,4,15,8,2,1,0,0,58.2,74,57,44,31,43,18,2,3,240,0.308,8,15,3,2
Gotsis,P,RU ,2017,6,4.1,6,5,14,14,1,1,0,0,90,95,46,41,16,74,15,2,5,287,0.273,8,5,2,2
Carpenter,P,CMU ,2012,1,5.01,6,4,13,13,2,0,1,0,73.2,87,44,41,15,64,13,3,5,293,0.297,1,5,0,2
Hernandez,P,CSUP,2009,3,6.47,3,4,32,3,1,0,1,7,64,74,55,46,38,67,21,1,4,257,0.288,15,7,0,2
Metter,P,UNK ,2011,1,3.83,8,3,16,14,5,0,0,0,84.2,99,44,36,32,61,15,2,1,335,0.296,6,9,0,2
Musielak,P,RU ,2008,3,6.75,6,4,15,8,2,1,0,0,58.2,74,57,44,31,43,18,2,3,240,0.308,8,15,3,2
McElreath,P,RU ,2012,4,3.24,9,4,14,14,7,1,0,0,94.1,91,45,34,40,70,11,2,3,345,0.264,8,6,6,2
Heibult,P,RU ,2015,7,4.81,7,3,12,11,3,0,0,0,63.2,71,39,34,26,50,15,3,1,250,0.284,5,4,7,2
Ruff,P,NMHU,2014,2,8.26,1,6,22,4,0,0,0,9,40.1,57,44,37,21,34,15,0,1,172,0.331,1,9,0,2
Gojan,P,MSUD,2013,6,3.83,4,5,13,12,2,0,1,0,84.2,87,48,36,25,36,15,1,0,319,0.273,6,12,1,2
Hernandez,P,CSUP,2009,3,6.47,3,4,32,3,1,0,1,7,64,74,55,46,38,67,21,1,4,257,0.288,15,7,0,2
Butch,P,CMU ,2008,1,6.52,6,0,16,10,0,0,0,1,49.2,66,49,36,20,29,12,1,6,211,0.313,4,9,1,2
Weinberg,P,CSUP ,2016,3,3.64,4,4,15,13,3,0,0,0,76.2,83,44,31,33,65,10,5,3,300,0.277,4,6,0,2
Asnicar,P,RU,2010,6,1.86,2,4,20,0,0,0,0,3,29,27,18,6,24,30,6,0,4,114,0.237,5,3,0,2
Perry,P,MSUD ,2011,3,3.93,7,3,12,12,4,1,0,0,73.1,86,50,32,33,52,10,0,6,291,0.296,4,17,0,2
Davis,P,CMU,2014,1,3.29,7,1,14,14,0,0,0,0,82,86,37,30,24,45,12,2,1,311,0.277,2,7,0,2
Davis,P,CMU,2014,1,3.29,7,1,14,14,0,0,0,0,82,86,37,30,24,45,12,2,1,311,0.277,2,7,0,2
Casas,P,MSUD ,2008,2,6.48,7,1,14,14,1,0,0,0,75,100,60,54,35,75,24,2,2,314,0.318,9,8,1,2
Vega,P,MSUD ,2017,3,4.54,7,2,14,14,4,0,0,0,85.1,104,51,43,21,63,16,2,5,307,0.294,5,10,1,2
Casas,P,MSUD ,2008,2,6.48,7,1,14,14,1,0,0,0,75,100,60,54,35,75,24,2,2,314,0.318,9,8,1,2
Weinberg,P,CSUP ,2016,3,3.64,4,4,15,13,3,0,0,0,76.2,83,44,31,33,65,10,5,3,300,0.277,4,6,0,2
Harrison,P,NMHU,2014,2,5.5,7,2,15,13,1,0,0,0,93.1,126,65,57,25,55,20,1,7,383,0.329,13,7,0,2
Gotsis,P,RU ,2017,6,4.1,6,5,14,14,1,1,0,0,90,95,46,41,16,74,15,2,5,287,0.273,8,5,2,2
Ryan,P,CSM,2009,8,7.15,3,5,11,10,2,0,0,0,56.2,77,60,45,24,41,20,5,6,248,0.31,5,5,0,2
Evins,P,NMHU,2010,1,4.1,8,1,13,10,1,0,0,0,68,66,33,31,27,47,13,0,6,258,0.256,3,10,0,2
Snell,P,CMU,2013,1,2.89,7,1,14,14,0,0,1,0,84,74,42,27,46,94,8,1,2,313,0.236,7,9,5,2
Struble,P,CSUP,2013,2,3.48,9,4,16,16,4,1,1,0,101,94,47,39,32,78,18,6,3,372,0.253,1,8,0,2
Butch,P,CMU ,2008,1,6.52,6,0,16,10,0,0,0,1,49.2,66,49,36,20,29,12,1,6,211,0.313,4,9,1,2
Weinberg,P,CSUP ,2016,3,3.64,4,4,15,13,3,0,0,0,76.2,83,44,31,33,65,10,5,3,300,0.277,4,6,0,2
Evins,P,NMHU ,2011,6,5.62,4,7,13,13,1,0,0,0,81.2,99,61,51,38,72,17,3,6,332,0.298,3,5,0,2
Davis,P,CMU,2014,1,3.29,7,1,14,14,0,0,0,0,82,86,37,30,24,45,12,2,1,311,0.277,2,7,0,2
Harms,P,RU ,2012,4,2.49,8,2,14,8,2,2,0,0,68.2,65,22,19,22,48,9,1,4,264,0.246,4,3,0,2
McElreath,P,RU ,2012,4,3.24,9,4,14,14,7,1,0,0,94.1,91,45,34,40,70,11,2,3,345,0.264,8,6,6,2
Fabrizio,P,CSUP,2013,2,4.37,7,2,12,10,4,0,1,1,68,82,37,33,27,43,22,1,4,272,0.301,5,6,5,2
Valerio,P,CSM ,2016,2,5.83,6,0,12,10,0,0,0,0,58.2,81,39,38,20,29,14,3,6,236,0.343,2,2,0,2
Stephens,P,CSUP ,2011,4,5.19,6,5,12,12,0,0,0,0,76.1,89,49,44,29,72,12,6,8,307,0.29,13,14,0,2
Romero,P,NMHU,2009,2,5.66,8,2,15,15,6,1,1,0,90.2,114,67,57,24,89,22,7,6,373,0.306,2,3,1,2
Butch,P,CMU ,2008,1,6.52,6,0,16,10,0,0,0,1,49.2,66,49,36,20,29,12,1,6,211,0.313,4,9,1,2
Rogers,P,CSM,2010,7,5.53,1,5,10,9,2,0,0,0,55.1,70,42,34,9,37,14,0,11,227,0.308,4,3,1,2
Lalk,P,MSUD ,2015,3,3.12,4,1,15,11,2,1,1,1,92.1,84,35,32,22,89,10,1,6,346,0.243,2,3,1,2
Evins,P,NMHU ,2011,6,5.62,4,7,13,13,1,0,0,0,81.2,99,61,51,38,72,17,3,6,332,0.298,3,5,0,2
Borowski,P,CMU ,2016,1,1.59,6,4,19,1,0,0,1,6,51,42,12,9,6,56,8,0,3,181,0.232,2,2,0,2
McElreath,P,RU ,2012,4,3.24,9,4,14,14,7,1,0,0,94.1,91,45,34,40,70,11,2,3,345,0.264,8,6,6,2
Weinberg,P,CSUP ,2016,3,3.64,4,4,15,13,3,0,0,0,76.2,83,44,31,33,65,10,5,3,300,0.277,4,6,0,2
Almeida,P,NMHU ,2012,2,3.97,4,0,22,1,0,0,0,14,34,36,17,15,13,28,6,1,1,134,0.269,2,6,0,2
Metter,P,UNK ,2011,1,3.83,8,3,16,14,5,0,0,0,84.2,99,44,36,32,61,15,2,1,335,0.296,6,9,0,2
Romero,P,NMHU,2009,2,5.66,8,2,15,15,6,1,1,0,90.2,114,67,57,24,89,22,7,6,373,0.306,2,3,1,2
Ramirez,P,CMU ,2017,1,3.38,10,1,16,15,3,2,0,0,85.1,72,37,32,20,91,11,1,5,306,0.258,5,5,0,2
Asnicar,P,RU,2010,6,1.86,2,4,20,0,0,0,0,3,29,27,18,6,24,30,6,0,4,114,0.237,5,3,0,2
Perry,P,MSUD ,2011,3,3.93,7,3,12,12,4,1,0,0,73.1,86,50,32,33,52,10,0,6,291,0.296,4,17,0,2
Weinberg,P,CSUP ,2016,3,3.64,4,4,15,13,3,0,0,0,76.2,83,44,31,33,65,10,5,3,300,0.277,4,6,0,2
Hansen,P,NMHU,2014,2,5.29,7,5,14,14,3,0,0,0,81.2,108,68,48,11,37,20,2,8,337,0.32,5,4,1,2
Romero,P,NMHU,2009,2,5.66,8,2,15,15,6,1,1,0,90.2,114,67,57,24,89,22,7,6,373,0.306,2,3,1,2
Stephens,P,CSUP ,2011,4,5.19,6,5,12,12,0,0,0,0,76.1,89,49,44,29,72,12,6,8,307,0.29,13,14,0,2
Hand,P,MSUD,2014,7,2.12,3,3,13,6,4,0,0,2,51,54,19,12,14,31,8,2,0,204,0.265,3,3,0,2
Pomierski,P,CSUP ,2011,4,2.15,2,2,24,0,0,0,0,6,46,36,20,11,22,45,9,0,1,169,0.213,2,1,0,2
Fabrizio,P,CSUP,2013,2,4.37,7,2,12,10,4,0,1,1,68,82,37,33,27,43,22,1,4,272,0.301,5,6,5,2
Ramirez,P,CMU ,2017,1,3.38,10,1,16,15,3,2,0,0,85.1,72,37,32,20,91,11,1,5,306,0.258,5,5,0,2
Gilman,P,CSM,2013,5,4.19,5,6,13,13,2,1,1,0,73,88,39,34,25,66,17,1,1,289,0.304,7,3,2,2
Fabrizio,P,CSUP,2013,2,4.37,7,2,12,10,4,0,1,1,68,82,37,33,27,43,22,1,4,272,0.301,5,6,5,2
Hansen,P,NMHU,2014,2,5.29,7,5,14,14,3,0,0,0,81.2,108,68,48,11,37,20,2,8,337,0.32,5,4,1,2
Valerio,P,CSM ,2016,2,5.83,6,0,12,10,0,0,0,0,58.2,81,39,38,20,29,14,3,6,236,0.343,2,2,0,2
Casas,P,MSUD ,2008,2,6.48,7,1,14,14,1,0,0,0,75,100,60,54,35,75,24,2,2,314,0.318,9,8,1,2
Casas,P,MSUD ,2008,2,6.48,7,1,14,14,1,0,0,0,75,100,60,54,35,75,24,2,2,314,0.318,9,8,1,2
Struble,P,CSUP,2013,2,3.48,9,4,16,16,4,1,1,0,101,94,47,39,32,78,18,6,3,372,0.253,1,8,0,2
Capistran,P,CMU ,2015,1,1.02,7,0,22,0,0,0,1,4,35.1,23,7,4,7,38,5,0,1,124,0.185,1,2,0,2
Borowski,P,CMU ,2016,1,1.59,6,4,19,1,0,0,1,6,51,42,12,9,6,56,8,0,3,181,0.232,2,2,0,2
Mattivi,P,CSUP ,2008,7,4.92,7,2,17,10,1,0,0,1,64,78,47,35,35,53,19,2,2,262,0.298,11,8,3,2
Soto,P,CSUP ,2015,2,3.63,9,3,15,15,0,0,0,0,69.1,76,34,28,41,54,11,1,2,264,0.288,7,0,0,2
Butch,P,CMU ,2008,1,6.52,6,0,16,10,0,0,0,1,49.2,66,49,36,20,29,12,1,6,211,0.313,4,9,1,2
Metter,P,UNK ,2011,1,3.83,8,3,16,14,5,0,0,0,84.2,99,44,36,32,61,15,2,1,335,0.296,6,9,0,2
Borowski,P,CMU ,2016,1,1.59,6,4,19,1,0,0,1,6,51,42,12,9,6,56,8,0,3,181,0.232,2,2,0,2
Almeida,P,NMHU ,2012,2,3.97,4,0,22,1,0,0,0,14,34,36,17,15,13,28,6,1,1,134,0.269,2,6,0,2
Hand,P,MSUD,2014,7,2.12,3,3,13,6,4,0,0,2,51,54,19,12,14,31,8,2,0,204,0.265,3,3,0,2
Davis,P,CMU,2010,2,5.16,7,1,12,11,2,0,0,0,68,90,43,39,22,37,10,0,14,283,0.318,3,7,0,2
Behr,P,CMU ,2015,1,1.46,2,1,17,2,0,0,1,0,37,34,17,6,11,38,9,0,1,144,0.236,4,2,1,2
Schuler,P,CSM ,2008,5,9.27,4,2,25,1,0,0,0,7,33,55,41,34,30,26,13,1,3,140,0.393,4,2,1,2
Asnicar,P,RU,2010,6,1.86,2,4,20,0,0,0,0,3,29,27,18,6,24,30,6,0,4,114,0.237,5,3,0,2
Fronczak,P,CMU,2009,1,6.25,8,1,14,13,1,0,1,0,59,69,42,41,30,45,21,1,7,230,0.3,5,6,1,2
Musielak,P,RU ,2008,3,6.75,6,4,15,8,2,1,0,0,58.2,74,57,44,31,43,18,2,3,240,0.308,8,15,3,2
Valerio,P,CSM ,2016,2,5.83,6,0,12,10,0,0,0,0,58.2,81,39,38,20,29,14,3,6,236,0.343,2,2,0,2
Perry,P,MSUD ,2011,3,3.93,7,3,12,12,4,1,0,0,73.1,86,50,32,33,52,10,0,6,291,0.296,4,17,0,2
Soto,P,CSUP ,2015,2,3.63,9,3,15,15,0,0,0,0,69.1,76,34,28,41,54,11,1,2,264,0.288,7,0,0,2
Soto,P,CSUP ,2015,2,3.63,9,3,15,15,0,0,0,0,69.1,76,34,28,41,54,11,1,2,264,0.288,7,0,0,2
Pomierski,P,CSUP ,2011,4,2.15,2,2,24,0,0,0,0,6,46,36,20,11,22,45,9,0,1,169,0.213,2,1,0,2
Lalk,P,MSUD ,2015,3,3.12,4,1,15,11,2,1,1,1,92.1,84,35,32,22,89,10,1,6,346,0.243,2,3,1,2
Carpenter,P,CMU ,2012,1,5.01,6,4,13,13,2,0,1,0,73.2,87,44,41,15,64,13,3,5,293,0.297,1,5,0,2
Gilman,P,CSM,2013,5,4.19,5,6,13,13,2,1,1,0,73,88,39,34,25,66,17,1,1,289,0.304,7,3,2,2
Lalk,P,MSUD ,2015,3,3.12,4,1,15,11,2,1,1,1,92.1,84,35,32,22,89,10,1,6,346,0.243,2,3,1,2
Hand,P,MSUD,2014,7,2.12,3,3,13,6,4,0,0,2,51,54,19,12,14,31,8,2,0,204,0.265,3,3,0,2
Cicere,P,UCCS ,2017,5,4.43,7,2,15,15,0,0,1,0,87.1,107,49,43,19,62,17,2,4,309,0.296,3,7,2,2
Behr,P,CMU ,2015,1,1.46,2,1,17,2,0,0,1,0,37,34,17,6,11,38,9,0,1,144,0.236,4,2,1,2
Pomierski,P,CSUP ,2011,4,2.15,2,2,24,0,0,0,0,6,46,36,20,11,22,45,9,0,1,169,0.213,2,1,0,2
Casas,P,MSUD ,2008,2,6.48,7,1,14,14,1,0,0,0,75,100,60,54,35,75,24,2,2,314,0.318,9,8,1,2
Romero,P,NMHU,2009,2,5.66,8,2,15,15,6,1,1,0,90.2,114,67,57,24,89,22,7,6,373,0.306,2,3,1,2
Cicere,P,UCCS ,2017,5,4.43,7,2,15,15,0,0,1,0,87.1,107,49,43,19,62,17,2,4,309,0.296,3,7,2,2
Borowski,P,CMU ,2016,1,1.59,6,4,19,1,0,0,1,6,51,42,12,9,6,56,8,0,3,181,0.232,2,2,0,2
Mattivi,P,CSUP ,2008,7,4.92,7,2,17,10,1,0,0,1,64,78,47,35,35,53,19,2,2,262,0.298,11,8,3,2
Evins,P,NMHU ,2011,6,5.62,4,7,13,13,1,0,0,0,81.2,99,61,51,38,72,17,3,6,332,0.298,3,5,0,2
Asnicar,P,RU,2010,6,1.86,2,4,20,0,0,0,0,3,29,27,18,6,24,30,6,0,4,114,0.237,5,3,0,2
Evins,P,NMHU ,2011,6,5.62,4,7,13,13,1,0,0,0,81.2,99,61,51,38,72,17,3,6,332,0.298,3,5,0,2
Carpenter,P,CMU ,2012,1,5.01,6,4,13,13,2,0,1,0,73.2,87,44,41,15,64,13,3,5,293,0.297,1,5,0,2
Stephens,P,CSUP ,2011,4,5.19,6,5,12,12,0,0,0,0,76.1,89,49,44,29,72,12,6,8,307,0.29,13,14,0,2
Harms,P,RU ,2012,4,2.49,8,2,14,8,2,2,0,0,68.2,65,22,19,22,48,9,1,4,264,0.246,4,3,0,2
Metter,P,UNK ,2011,1,3.83,8,3,16,14,5,0,0,0,84.2,99,44,36,32,61,15,2,1,335,0.296,6,9,0,2
Almeida,P,NMHU ,2012,2,3.97,4,0,22,1,0,0,0,14,34,36,17,15,13,28,6,1,1,134,0.269,2,6,0,2
Ruff,P,NMHU,2014,2,8.26,1,6,22,4,0,0,0,9,40.1,57,44,37,21,34,15,0,1,172,0.331,1,9,0,2
Borowski,P,CMU ,2016,1,1.59,6,4,19,1,0,0,1,6,51,42,12,9,6,56,8,0,3,181,0.232,2,2,0,2
Soto,P,CSUP ,2015,2,3.63,9,3,15,15,0,0,0,0,69.1,76,34,28,41,54,11,1,2,264,0.288,7,0,0,2
McElreath,P,RU ,2012,4,3.24,9,4,14,14,7,1,0,0,94.1,91,45,34,40,70,11,2,3,345,0.264,8,6,6,2
Davis,P,CMU,2010,2,5.16,7,1,12,11,2,0,0,0,68,90,43,39,22,37,10,0,14,283,0.318,3,7,0,2
Heibult,P,RU ,2015,7,4.81,7,3,12,11,3,0,0,0,63.2,71,39,34,26,50,15,3,1,250,0.284,5,4,7,2
Almeida,P,NMHU ,2012,2,3.97,4,0,22,1,0,0,0,14,34,36,17,15,13,28,6,1,1,134,0.269,2,6,0,2
Gojan,P,MSUD,2013,6,3.83,4,5,13,12,2,0,1,0,84.2,87,48,36,25,36,15,1,0,319,0.273,6,12,1,2
Perry,P,MSUD ,2011,3,3.93,7,3,12,12,4,1,0,0,73.1,86,50,32,33,52,10,0,6,291,0.296,4,17,0,2
Gilman,P,CSM,2013,5,4.19,5,6,13,13,2,1,1,0,73,88,39,34,25,66,17,1,1,289,0.304,7,3,2,2
Hernandez,P,CSUP,2009,3,6.47,3,4,32,3,1,0,1,7,64,74,55,46,38,67,21,1,4,257,0.288,15,7,0,2
Mattivi,P,CSUP ,2008,7,4.92,7,2,17,10,1,0,0,1,64,78,47,35,35,53,19,2,2,262,0.298,11,8,3,2
Casas,P,MSUD ,2008,2,6.48,7,1,14,14,1,0,0,0,75,100,60,54,35,75,24,2,2,314,0.318,9,8,1,2
Weinberg,P,CSUP ,2016,3,3.64,4,4,15,13,3,0,0,0,76.2,83,44,31,33,65,10,5,3,300,0.277,4,6,0,2
Musielak,P,RU ,2008,3,6.75,6,4,15,8,2,1,0,0,58.2,74,57,44,31,43,18,2,3,240,0.308,8,15,3,2
Ryan,P,CSM,2009,8,7.15,3,5,11,10,2,0,0,0,56.2,77,60,45,24,41,20,5,6,248,0.31,5,5,0,2
Gilman,P,CSM,2013,5,4.19,5,6,13,13,2,1,1,0,73,88,39,34,25,66,17,1,1,289,0.304,7,3,2,2
Fronczak,P,CMU,2009,1,6.25,8,1,14,13,1,0,1,0,59,69,42,41,30,45,21,1,7,230,0.3,5,6,1,2
Gojan,P,MSUD,2013,6,3.83,4,5,13,12,2,0,1,0,84.2,87,48,36,25,36,15,1,0,319,0.273,6,12,1,2
Loseke,P,UNK ,2012,5,5.73,4,6,15,10,3,1,1,0,77,96,54,49,30,53,28,5,4,315,0.305,1,4,1,2
Cicere,P,UCCS ,2017,5,4.43,7,2,15,15,0,0,1,0,87.1,107,49,43,19,62,17,2,4,309,0.296,3,7,2,2
Allen,P,CMU ,2016,1,3.09,6,1,16,14,2,1,1,1,75.2,74,28,26,18,60,19,1,3,290,0.255,1,8,0,2
Harms,P,RU ,2012,4,2.49,8,2,14,8,2,2,0,0,68.2,65,22,19,22,48,9,1,4,264,0.246,4,3,0,2
Hand,P,MSUD,2014,7,2.12,3,3,13,6,4,0,0,2,51,54,19,12,14,31,8,2,0,204,0.265,3,3,0,2
Gilman,P,CSM,2013,5,4.19,5,6,13,13,2,1,1,0,73,88,39,34,25,66,17,1,1,289,0.304,7,3,2,2
Stephens,P,CSUP,2010,5,5.33,4,4,13,7,3,0,1,2,50.2,65,35,30,19,33,14,2,5,205,0.317,4,8,0,2
Evins,P,NMHU ,2011,6,5.62,4,7,13,13,1,0,0,0,81.2,99,61,51,38,72,17,3,6,332,0.298,3,5,0,2
Fabrizio,P,CSUP,2013,2,4.37,7,2,12,10,4,0,1,1,68,82,37,33,27,43,22,1,4,272,0.301,5,6,5,2
Musielak,P,RU ,2008,3,6.75,6,4,15,8,2,1,0,0,58.2,74,57,44,31,43,18,2,3,240,0.308,8,15,3,2
Loseke,P,UNK ,2012,5,5.73,4,6,15,10,3,1,1,0,77,96,54,49,30,53,28,5,4,315,0.305,1,4,1,2
Carpenter,P,CMU ,2012,1,5.01,6,4,13,13,2,0,1,0,73.2,87,44,41,15,64,13,3,5,293,0.297,1,5,0,2
Mattivi,P,CSUP ,2008,7,4.92,7,2,17,10,1,0,0,1,64,78,47,35,35,53,19,2,2,262,0.298,11,8,3,2
Mattivi,P,CSUP ,2008,7,4.92,7,2,17,10,1,0,0,1,64,78,47,35,35,53,19,2,2,262,0.298,11,8,3,2
Behr,P,CMU ,2015,1,1.46,2,1,17,2,0,0,1,0,37,34,17,6,11,38,9,0,1,144,0.236,4,2,1,2
Stephens,P,CSUP,2010,5,5.33,4,4,13,7,3,0,1,2,50.2,65,35,30,19,33,14,2,5,205,0.317,4,8,0,2
Garcia,P,ASU ,2016,4,5.38,7,3,16,11,4,1,0,2,78.2,107,60,47,20,66,17,2,7,328,0.326,2,7,4,2
Harrison,P,NMHU,2014,2,5.5,7,2,15,13,1,0,0,0,93.1,126,65,57,25,55,20,1,7,383,0.329,13,7,0,2
Stephens,P,CSUP,2010,5,5.33,4,4,13,7,3,0,1,2,50.2,65,35,30,19,33,14,2,5,205,0.317,4,8,0,2
Schuler,P,CSM ,2008,5,9.27,4,2,25,1,0,0,0,7,33,55,41,34,30,26,13,1,3,140,0.393,4,2,1,2
Ruff,P,NMHU,2014,2,8.26,1,6,22,4,0,0,0,9,40.1,57,44,37,21,34,15,0,1,172,0.331,1,9,0,2
Stephens,P,CSUP ,2011,4,5.19,6,5,12,12,0,0,0,0,76.1,89,49,44,29,72,12,6,8,307,0.29,13,14,0,2
Allen,P,CMU ,2016,1,3.09,6,1,16,14,2,1,1,1,75.2,74,28,26,18,60,19,1,3,290,0.255,1,8,0,2
Ryan,P,CSM,2009,8,7.15,3,5,11,10,2,0,0,0,56.2,77,60,45,24,41,20,5,6,248,0.31,5,5,0,2
Allen,P,CMU ,2016,1,3.09,6,1,16,14,2,1,1,1,75.2,74,28,26,18,60,19,1,3,290,0.255,1,8,0,2
Schuler,P,CSM ,2008,5,9.27,4,2,25,1,0,0,0,7,33,55,41,34,30,26,13,1,3,140,0.393,4,2,1,2
Ramirez,P,CMU ,2017,1,3.38,10,1,16,15,3,2,0,0,85.1,72,37,32,20,91,11,1,5,306,0.258,5,5,0,2
Garcia,P,ASU ,2016,4,5.38,7,3,16,11,4,1,0,2,78.2,107,60,47,20,66,17,2,7,328,0.326,2,7,4,2
Harrison,P,NMHU,2014,2,5.5,7,2,15,13,1,0,0,0,93.1,126,65,57,25,55,20,1,7,383,0.329,13,7,0,2
Ryan,P,CSM,2009,8,7.15,3,5,11,10,2,0,0,0,56.2,77,60,45,24,41,20,5,6,248,0.31,5,5,0,2
McElreath,P,RU ,2012,4,3.24,9,4,14,14,7,1,0,0,94.1,91,45,34,40,70,11,2,3,345,0.264,8,6,6,2
McElreath,P,RU ,2012,4,3.24,9,4,14,14,7,1,0,0,94.1,91,45,34,40,70,11,2,3,345,0.264,8,6,6,2
Mattivi,P,CSUP ,2008,7,4.92,7,2,17,10,1,0,0,1,64,78,47,35,35,53,19,2,2,262,0.298,11,8,3,2
Harms,P,RU ,2012,4,2.49,8,2,14,8,2,2,0,0,68.2,65,22,19,22,48,9,1,4,264,0.246,4,3,0,2
Ramirez,P,CMU ,2017,1,3.38,10,1,16,15,3,2,0,0,85.1,72,37,32,20,91,11,1,5,306,0.258,5,5,0,2
Garcia,P,ASU ,2016,4,5.38,7,3,16,11,4,1,0,2,78.2,107,60,47,20,66,17,2,7,328,0.326,2,7,4,2
Fabrizio,P,CSUP,2013,2,4.37,7,2,12,10,4,0,1,1,68,82,37,33,27,43,22,1,4,272,0.301,5,6,5,2
Butch,P,CMU ,2008,1,6.52,6,0,16,10,0,0,0,1,49.2,66,49,36,20,29,12,1,6,211,0.313,4,9,1,2
Borowski,P,CMU ,2016,1,1.59,6,4,19,1,0,0,1,6,51,42,12,9,6,56,8,0,3,181,0.232,2,2,0,2
Romero,P,NMHU,2009,2,5.66,8,2,15,15,6,1,1,0,90.2,114,67,57,24,89,22,7,6,373,0.306,2,3,1,2
Vega,P,MSUD ,2017,3,4.54,7,2,14,14,4,0,0,0,85.1,104,51,43,21,63,16,2,5,307,0.294,5,10,1,2
Stephens,P,CSUP,2010,5,5.33,4,4,13,7,3,0,1,2,50.2,65,35,30,19,33,14,2,5,205,0.317,4,8,0,2
Harms,P,RU ,2012,4,2.49,8,2,14,8,2,2,0,0,68.2,65,22,19,22,48,9,1,4,264,0.246,4,3,0,2
Garcia,P,ASU ,2016,4,5.38,7,3,16,11,4,1,0,2,78.2,107,60,47,20,66,17,2,7,328,0.326,2,7,4,2
Stephens,P,CSUP ,2011,4,5.19,6,5,12,12,0,0,0,0,76.1,89,49,44,29,72,12,6,8,307,0.29,13,14,0,2
Cardinale,P,CMU ,2015,1,4.8,4,3,14,13,1,0,1,0,65.2,63,42,35,41,79,13,0,1,252,0.25,9,5,1,2
Hernandez,P,CSUP,2009,3,6.47,3,4,32,3,1,0,1,7,64,74,55,46,38,67,21,1,4,257,0.288,15,7,0,2
Schuler,P,CSM ,2008,5,9.27,4,2,25,1,0,0,0,7,33,55,41,34,30,26,13,1,3,140,0.393,4,2,1,2
Rogers,P,CSM,2010,7,5.53,1,5,10,9,2,0,0,0,55.1,70,42,34,9,37,14,0,11,227,0.308,4,3,1,2
Almeida,P,NMHU ,2012,2,3.97,4,0,22,1,0,0,0,14,34,36,17,15,13,28,6,1,1,134,0.269,2,6,0,2
Cicere,P,UCCS ,2017,5,4.43,7,2,15,15,0,0,1,0,87.1,107,49,43,19,62,17,2,4,309,0.296,3,7,2,2
McElreath,P,RU ,2012,4,3.24,9,4,14,14,7,1,0,0,94.1,91,45,34,40,70,11,2,3,345,0.264,8,6,6,2
Pomierski,P,CSUP ,2011,4,2.15,2,2,24,0,0,0,0,6,46,36,20,11,22,45,9,0,1,169,0.213,2,1,0,2
Asnicar,P,RU,2010,6,1.86,2,4,20,0,0,0,0,3,29,27,18,6,24,30,6,0,4,114,0.237,5,3,0,2
Soto,P,CSUP ,2015,2,3.63,9,3,15,15,0,0,0,0,69.1,76,34,28,41,54,11,1,2,264,0.288,7,0,0,2
Cicere,P,UCCS ,2017,5,4.43,7,2,15,15,0,0,1,0,87.1,107,49,43,19,62,17,2,4,309,0.296,3,7,2,2
Struble,P,CSUP,2013,2,3.48,9,4,16,16,4,1,1,0,101,94,47,39,32,78,18,6,3,372,0.253,1,8,0,2
Musielak,P,RU ,2008,3,6.75,6,4,15,8,2,1,0,0,58.2,74,57,44,31,43,18,2,3,240,0.308,8,15,3,2
Heibult,P,RU ,2015,7,4.81,7,3,12,11,3,0,0,0,63.2,71,39,34,26,50,15,3,1,250,0.284,5,4,7,2
Davis,P,CMU,2010,2,5.16,7,1,12,11,2,0,0,0,68,90,43,39,22,37,10,0,14,283,0.318,3,7,0,2
Harrison,P,NMHU,2014,2,5.5,7,2,15,13,1,0,0,0,93.1,126,65,57,25,55,20,1,7,383,0.329,13,7,0,2
Evins,P,NMHU ,2011,6,5.62,4,7,13,13,1,0,0,0,81.2,99,61,51,38,72,17,3,6,332,0.298,3,5,0,2
Harrison,P,NMHU,2014,2,5.5,7,2,15,13,1,0,0,0,93.1,126,65,57,25,55,20,1,7,383,0.329,13,7,0,2
Harrison,P,NMHU,2014,2,5.5,7,2,15,13,1,0,0,0,93.1,126,65,57,25,55,20,1,7,383,0.329,13,7,0,2
Heibult,P,RU ,2015,7,4.81,7,3,12,11,3,0,0,0,63.2,71,39,34,26,50,15,3,1,250,0.284,5,4,7,2
Capistran,P,CMU ,2015,1,1.02,7,0,22,0,0,0,1,4,35.1,23,7,4,7,38,5,0,1,124,0.185,1,2,0,2
Perry,P,MSUD ,2011,3,3.93,7,3,12,12,4,1,0,0,73.1,86,50,32,33,52,10,0,6,291,0.296,4,17,0,2
Weinberg,P,CSUP ,2016,3,3.64,4,4,15,13,3,0,0,0,76.2,83,44,31,33,65,10,5,3,300,0.277,4,6,0,2
Evins,P,NMHU,2010,1,4.1,8,1,13,10,1,0,0,0,68,66,33,31,27,47,13,0,6,258,0.256,3,10,0,2
Romero,P,NMHU,2009,2,5.66,8,2,15,15,6,1,1,0,90.2,114,67,57,24,89,22,7,6,373,0.306,2,3,1,2
Fabrizio,P,CSUP,2013,2,4.37,7,2,12,10,4,0,1,1,68,82,37,33,27,43,22,1,4,272,0.301,5,6,5,2
Evins,P,NMHU ,2011,6,5.62,4,7,13,13,1,0,0,0,81.2,99,61,51,38,72,17,3,6,332,0.298,3,5,0,2
Weinberg,P,CSUP ,2016,3,3.64,4,4,15,13,3,0,0,0,76.2,83,44,31,33,65,10,5,3,300,0.277,4,6,0,2
Cardinale,P,CMU ,2015,1,4.8,4,3,14,13,1,0,1,0,65.2,63,42,35,41,79,13,0,1,252,0.25,9,5,1,2
Behr,P,CMU ,2015,1,1.46,2,1,17,2,0,0,1,0,37,34,17,6,11,38,9,0,1,144,0.236,4,2,1,2
Ramirez,P,CMU ,2017,1,3.38,10,1,16,15,3,2,0,0,85.1,72,37,32,20,91,11,1,5,306,0.258,5,5,0,2
Rogers,P,CSM,2010,7,5.53,1,5,10,9,2,0,0,0,55.1,70,42,34,9,37,14,0,11,227,0.308,4,3,1,2
Cicere,P,UCCS ,2017,5,4.43,7,2,15,15,0,0,1,0,87.1,107,49,43,19,62,17,2,4,309,0.296,3,7,2,2
Butch,P,CMU ,2008,1,6.52,6,0,16,10,0,0,0,1,49.2,66,49,36,20,29,12,1,6,211,0.313,4,9,1,2
Metter,P,UNK ,2011,1,3.83,8,3,16,14,5,0,0,0,84.2,99,44,36,32,61,15,2,1,335,0.296,6,9,0,2
Loseke,P,UNK ,2012,5,5.73,4,6,15,10,3,1,1,0,77,96,54,49,30,53,28,5,4,315,0.305,1,4,1,2
Davis,P,CMU,2010,2,5.16,7,1,12,11,2,0,0,0,68,90,43,39,22,37,10,0,14,283,0.318,3,7,0,2
Musielak,P,RU ,2008,3,6.75,6,4,15,8,2,1,0,0,58.2,74,57,44,31,43,18,2,3,240,0.308,8,15,3,2
Evins,P,NMHU ,2011,6,5.62,4,7,13,13,1,0,0,0,81.2,99,61,51,38,72,17,3,6,332,0.298,3,5,0,2
Gilman,P,CSM,2013,5,4.19,5,6,13,13,2,1,1,0,73,88,39,34,25,66,17,1,1,289,0.304,7,3,2,2
Hansen,P,NMHU,2014,2,5.29,7,5,14,14,3,0,0,0,81.2,108,68,48,11,37,20,2,8,337,0.32,5,4,1,2
Harms,P,RU ,2012,4,2.49,8,2,14,8,2,2,0,0,68.2,65,22,19,22,48,9,1,4,264,0.246,4,3,0,2
Pomierski,P,CSUP ,2011,4,2.15,2,2,24,0,0,0,0,6,46,36,20,11,22,45,9,0,1,169,0.213,2,1,0,2
Allen,P,CMU ,2016,1,3.09,6,1,16,14,2,1,1,1,75.2,74,28,26,18,60,19,1,3,290,0.255,1,8,0,2
Harms,P,RU ,2012,4,2.49,8,2,14,8,2,2,0,0,68.2,65,22,19,22,48,9,1,4,264,0.246,4,3,0,2
Jamison,P,MSUD,2009,4,6.88,6,4,14,10,2,1,1,0,69.1,86,61,53,51,52,10,3,6,267,0.322,16,18,4,2
Ruff,P,NMHU,2014,2,8.26,1,6,22,4,0,0,0,9,40.1,57,44,37,21,34,15,0,1,172,0.331,1,9,0,2
Carpenter,P,CMU ,2012,1,5.01,6,4,13,13,2,0,1,0,73.2,87,44,41,15,64,13,3,5,293,0.297,1,5,0,2
Lalk,P,MSUD ,2015,3,3.12,4,1,15,11,2,1,1,1,92.1,84,35,32,22,89,10,1,6,346,0.243,2,3,1,2
Heibult,P,RU ,2015,7,4.81,7,3,12,11,3,0,0,0,63.2,71,39,34,26,50,15,3,1,250,0.284,5,4,7,2
Davis,P,CMU,2010,2,5.16,7,1,12,11,2,0,0,0,68,90,43,39,22,37,10,0,14,283,0.318,3,7,0,2
Lalk,P,MSUD ,2015,3,3.12,4,1,15,11,2,1,1,1,92.1,84,35,32,22,89,10,1,6,346,0.243,2,3,1,2
Mattivi,P,CSUP ,2008,7,4.92,7,2,17,10,1,0,0,1,64,78,47,35,35,53,19,2,2,262,0.298,11,8,3,2
Gilman,P,CSM,2013,5,4.19,5,6,13,13,2,1,1,0,73,88,39,34,25,66,17,1,1,289,0.304,7,3,2,2
Allen,P,CMU ,2016,1,3.09,6,1,16,14,2,1,1,1,75.2,74,28,26,18,60,19,1,3,290,0.255,1,8,0,2
Pomierski,P,CSUP ,2011,4,2.15,2,2,24,0,0,0,0,6,46,36,20,11,22,45,9,0,1,169,0.213,2,1,0,2
Metter,P,UNK ,2011,1,3.83,8,3,16,14,5,0,0,0,84.2,99,44,36,32,61,15,2,1,335,0.296,6,9,0,2
Hansen,P,NMHU,2014,2,5.29,7,5,14,14,3,0,0,0,81.2,108,68,48,11,37,20,2,8,337,0.32,5,4,1,2
Ruff,P,NMHU,2014,2,8.26,1,6,22,4,0,0,0,9,40.1,57,44,37,21,34,15,0,1,172,0.331,1,9,0,2
Gilman,P,CSM,2013,5,4.19,5,6,13,13,2,1,1,0,73,88,39,34,25,66,17,1,1,289,0.304,7,3,2,2
Valerio,P,CSM ,2016,2,5.83,6,0,12,10,0,0,0,0,58.2,81,39,38,20,29,14,3,6,236,0.343,2,2,0,2
Davis,P,CMU,2014,1,3.29,7,1,14,14,0,0,0,0,82,86,37,30,24,45,12,2,1,311,0.277,2,7,0,2
Hansen,P,NMHU,2014,2,5.29,7,5,14,14,3,0,0,0,81.2,108,68,48,11,37,20,2,8,337,0.32,5,4,1,2
Gilman,P,CSM,2013,5,4.19,5,6,13,13,2,1,1,0,73,88,39,34,25,66,17,1,1,289,0.304,7,3,2,2
Asnicar,P,RU,2010,6,1.86,2,4,20,0,0,0,0,3,29,27,18,6,24,30,6,0,4,114,0.237,5,3,0,2
Weinberg,P,CSUP ,2016,3,3.64,4,4,15,13,3,0,0,0,76.2,83,44,31,33,65,10,5,3,300,0.277,4,6,0,2
Cicere,P,UCCS ,2017,5,4.43,7,2,15,15,0,0,1,0,87.1,107,49,43,19,62,17,2,4,309,0.296,3,7,2,2
McElreath,P,RU ,2012,4,3.24,9,4,14,14,7,1,0,0,94.1,91,45,34,40,70,11,2,3,345,0.264,8,6,6,2
Ryan,P,CSM,2009,8,7.15,3,5,11,10,2,0,0,0,56.2,77,60,45,24,41,20,5,6,248,0.31,5,5,0,2
Harrison,P,NMHU,2014,2,5.5,7,2,15,13,1,0,0,0,93.1,126,65,57,25,55,20,1,7,383,0.329,13,7,0,2
Gotsis,P,RU ,2017,6,4.1,6,5,14,14,1,1,0,0,90,95,46,41,16,74,15,2,5,287,0.273,8,5,2,2
McElreath,P,RU ,2012,4,3.24,9,4,14,14,7,1,0,0,94.1,91,45,34,40,70,11,2,3,345,0.264,8,6,6,2
Asnicar,P,RU,2010,6,1.86,2,4,20,0,0,0,0,3,29,27,18,6,24,30,6,0,4,114,0.237,5,3,0,2
Lalk,P,MSUD ,2015,3,3.12,4,1,15,11,2,1,1,1,92.1,84,35,32,22,89,10,1,6,346,0.243,2,3,1,2
Almeida,P,NMHU ,2012,2,3.97,4,0,22,1,0,0,0,14,34,36,17,15,13,28,6,1,1,134,0.269,2,6,0,2
Snell,P,CMU,2013,1,2.89,7,1,14,14,0,0,1,0,84,74,42,27,46,94,8,1,2,313,0.236,7,9,5,2
Hand,P,MSUD,2014,7,2.12,3,3,13,6,4,0,0,2,51,54,19,12,14,31,8,2,0,204,0.265,3,3,0,2
Casas,P,MSUD ,2008,2,6.48,7,1,14,14,1,0,0,0,75,100,60,54,35,75,24,2,2,314,0.318,9,8,1,2
Schuler,P,CSM ,2008,5,9.27,4,2,25,1,0,0,0,7,33,55,41,34,30,26,13,1,3,140,0.393,4,2,1,2
Gilman,P,CSM,2013,5,4.19,5,6,13,13,2,1,1,0,73,88,39,34,25,66,17,1,1,289,0.304,7,3,2,2
Evins,P,NMHU ,2011,6,5.62,4,7,13,13,1,0,0,0,81.2,99,61,51,38,72,17,3,6,332,0.298,3,5,0,2
Hand,P,MSUD,2014,7,2.12,3,3,13,6,4,0,0,2,51,54,19,12,14,31,8,2,0,204,0.265,3,3,0,2
Ramirez,P,CMU ,2017,1,3.38,10,1,16,15,3,2,0,0,85.1,72,37,32,20,91,11,1,5,306,0.258,5,5,0,2
Rogers,P,CSM,2010,7,5.53,1,5,10,9,2,0,0,0,55.1,70,42,34,9,37,14,0,11,227,0.308,4,3,1,2
Jamison,P,MSUD,2009,4,6.88,6,4,14,10,2,1,1,0,69.1,86,61,53,51,52,10,3,6,267,0.322,16,18,4,2
Heibult,P,RU ,2015,7,4.81,7,3,12,11,3,0,0,0,63.2,71,39,34,26,50,15,3,1,250,0.284,5,4,7,2
Evins,P,NMHU ,2011,6,5.62,4,7,13,13,1,0,0,0,81.2,99,61,51,38,72,17,3,6,332,0.298,3,5,0,2
Rogers,P,CSM,2010,7,5.53,1,5,10,9,2,0,0,0,55.1,70,42,34,9,37,14,0,11,227,0.308,4,3,1,2
Mattivi,P,CSUP ,2008,7,4.92,7,2,17,10,1,0,0,1,64,78,47,35,35,53,19,2,2,262,0.298,11,8,3,2
Ruff,P,NMHU,2014,2,8.26,1,6,22,4,0,0,0,9,40.1,57,44,37,21,34,15,0,1,172,0.331,1,9,0,2
Fronczak,P,CMU,2009,1,6.25,8,1,14,13,1,0,1,0,59,69,42,41,30,45,21,1,7,230,0.3,5,6,1,2
Davis,P,CMU,2014,1,3.29,7,1,14,14,0,0,0,0,82,86,37,30,24,45,12,2,1,311,0.277,2,7,0,2
Musielak,P,RU ,2008,3,6.75,6,4,15,8,2,1,0,0,58.2,74,57,44,31,43,18,2,3,240,0.308,8,15,3,2
Fabrizio,P,CSUP,2013,2,4.37,7,2,12,10,4,0,1,1,68,82,37,33,27,43,22,1,4,272,0.301,5,6,5,2
Ryan,P,CSM,2009,8,7.15,3,5,11,10,2,0,0,0,56.2,77,60,45,24,41,20,5,6,248,0.31,5,5,0,2
Lalk,P,MSUD ,2015,3,3.12,4,1,15,11,2,1,1,1,92.1,84,35,32,22,89,10,1,6,346,0.243,2,3,1,2
Struble,P,CSUP,2013,2,3.48,9,4,16,16,4,1,1,0,101,94,47,39,32,78,18,6,3,372,0.253,1,8,0,2
Musielak,P,RU ,2008,3,6.75,6,4,15,8,2,1,0,0,58.2,74,57,44,31,43,18,2,3,240,0.308,8,15,3,2
Davis,P,CMU,2010,2,5.16,7,1,12,11,2,0,0,0,68,90,43,39,22,37,10,0,14,283,0.318,3,7,0,2
Gilman,P,CSM,2013,5,4.19,5,6,13,13,2,1,1,0,73,88,39,34,25,66,17,1,1,289,0.304,7,3,2,2
McElreath,P,RU ,2012,4,3.24,9,4,14,14,7,1,0,0,94.1,91,45,34,40,70,11,2,3,345,0.264,8,6,6,2
Cardinale,P,CMU ,2015,1,4.8,4,3,14,13,1,0,1,0,65.2,63,42,35,41,79,13,0,1,252,0.25,9,5,1,2
Borowski,P,CMU ,2016,1,1.59,6,4,19,1,0,0,1,6,51,42,12,9,6,56,8,0,3,181,0.232,2,2,0,2
Harrison,P,NMHU,2014,2,5.5,7,2,15,13,1,0,0,0,93.1,126,65,57,25,55,20,1,7,383,0.329,13,7,0,2
Soto,P,CSUP ,2015,2,3.63,9,3,15,15,0,0,0,0,69.1,76,34,28,41,54,11,1,2,264,0.288,7,0,0,2
Butch,P,CMU ,2008,1,6.52,6,0,16,10,0,0,0,1,49.2,66,49,36,20,29,12,1,6,211,0.313,4,9,1,2
Casas,P,MSUD ,2008,2,6.48,7,1,14,14,1,0,0,0,75,100,60,54,35,75,24,2,2,314,0.318,9,8,1,2
Evins,P,NMHU ,2011,6,5.62,4,7,13,13,1,0,0,0,81.2,99,61,51,38,72,17,3,6,332,0.298,3,5,0,2
Schuler,P,CSM ,2008,5,9.27,4,2,25,1,0,0,0,7,33,55,41,34,30,26,13,1,3,140,0.393,4,2,1,2
Hand,P,MSUD,2014,7,2.12,3,3,13,6,4,0,0,2,51,54,19,12,14,31,8,2,0,204,0.265,3,3,0,2
Davis,P,CMU,2010,2,5.16,7,1,12,11,2,0,0,0,68,90,43,39,22,37,10,0,14,283,0.318,3,7,0,2
Mattivi,P,CSUP ,2008,7,4.92,7,2,17,10,1,0,0,1,64,78,47,35,35,53,19,2,2,262,0.298,11,8,3,2
Almeida,P,NMHU ,2012,2,3.97,4,0,22,1,0,0,0,14,34,36,17,15,13,28,6,1,1,134,0.269,2,6,0,2
Loseke,P,UNK ,2012,5,5.73,4,6,15,10,3,1,1,0,77,96,54,49,30,53,28,5,4,315,0.305,1,4,1,2
Garcia,P,ASU ,2016,4,5.38,7,3,16,11,4,1,0,2,78.2,107,60,47,20,66,17,2,7,328,0.326,2,7,4,2
Gojan,P,MSUD,2013,6,3.83,4,5,13,12,2,0,1,0,84.2,87,48,36,25,36,15,1,0,319,0.273,6,12,1,2
Harms,P,RU ,2012,4,2.49,8,2,14,8,2,2,0,0,68.2,65,22,19,22,48,9,1,4,264,0.246,4,3,0,2
Weinberg,P,CSUP ,2016,3,3.64,4,4,15,13,3,0,0,0,76.2,83,44,31,33,65,10,5,3,300,0.277,4,6,0,2
Hernandez,P,CSUP,2009,3,6.47,3,4,32,3,1,0,1,7,64,74,55,46,38,67,21,1,4,257,0.288,15,7,0,2
Capistran,P,CMU ,2015,1,1.02,7,0,22,0,0,0,1,4,35.1,23,7,4,7,38,5,0,1,124,0.185,1,2,0,2
Behr,P,CMU ,2015,1,1.46,2,1,17,2,0,0,1,0,37,34,17,6,11,38,9,0,1,144,0.236,4,2,1,2
Ramirez,P,CMU ,2017,1,3.38,10,1,16,15,3,2,0,0,85.1,72,37,32,20,91,11,1,5,306,0.258,5,5,0,2
Schuler,P,CSM ,2008,5,9.27,4,2,25,1,0,0,0,7,33,55,41,34,30,26,13,1,3,140,0.393,4,2,1,2
Gojan,P,MSUD,2013,6,3.83,4,5,13,12,2,0,1,0,84.2,87,48,36,25,36,15,1,0,319,0.273,6,12,1,2
Perry,P,MSUD ,2011,3,3.93,7,3,12,12,4,1,0,0,73.1,86,50,32,33,52,10,0,6,291,0.296,4,17,0,2
Ramirez,P,CMU ,2017,1,3.38,10,1,16,15,3,2,0,0,85.1,72,37,32,20,91,11,1,5,306,0.258,5,5,0,2
Stephens,P,CSUP,2010,5,5.33,4,4,13,7,3,0,1,2,50.2,65,35,30,19,33,14,2,5,205,0.317,4,8,0,2
Hernandez,P,CSUP,2009,3,6.47,3,4,32,3,1,0,1,7,64,74,55,46,38,67,21,1,4,257,0.288,15,7,0,2
Hand,P,MSUD,2014,7,2.12,3,3,13,6,4,0,0,2,51,54,19,12,14,31,8,2,0,204,0.265,3,3,0,2
Loseke,P,UNK ,2012,5,5.73,4,6,15,10,3,1,1,0,77,96,54,49,30,53,28,5,4,315,0.305,1,4,1,2
Jamison,P,MSUD,2009,4,6.88,6,4,14,10,2,1,1,0,69.1,86,61,53,51,52,10,3,6,267,0.322,16,18,4,2
Allen,P,CMU ,2016,1,3.09,6,1,16,14,2,1,1,1,75.2,74,28,26,18,60,19,1,3,290,0.255,1,8,0,2
Fabrizio,P,CSUP,2013,2,4.37,7,2,12,10,4,0,1,1,68,82,37,33,27,43,22,1,4,272,0.301,5,6,5,2
Valerio,P,CSM ,2016,2,5.83,6,0,12,10,0,0,0,0,58.2,81,39,38,20,29,14,3,6,236,0.343,2,2,0,2
Hansen,P,NMHU,2014,2,5.29,7,5,14,14,3,0,0,0,81.2,108,68,48,11,37,20,2,8,337,0.32,5,4,1,2
Snell,P,CMU,2013,1,2.89,7,1,14,14,0,0,1,0,84,74,42,27,46,94,8,1,2,313,0.236,7,9,5,2
Mattivi,P,CSUP ,2008,7,4.92,7,2,17,10,1,0,0,1,64,78,47,35,35,53,19,2,2,262,0.298,11,8,3,2
Davis,P,CMU,2014,1,3.29,7,1,14,14,0,0,0,0,82,86,37,30,24,45,12,2,1,311,0.277,2,7,0,2
Harrison,P,NMHU,2014,2,5.5,7,2,15,13,1,0,0,0,93.1,126,65,57,25,55,20,1,7,383,0.329,13,7,0,2
Ruff,P,NMHU,2014,2,8.26,1,6,22,4,0,0,0,9,40.1,57,44,37,21,34,15,0,1,172,0.331,1,9,0,2
Valerio,P,CSM ,2016,2,5.83,6,0,12,10,0,0,0,0,58.2,81,39,38,20,29,14,3,6,236,0.343,2,2,0,2
Fronczak,P,CMU,2009,1,6.25,8,1,14,13,1,0,1,0,59,69,42,41,30,45,21,1,7,230,0.3,5,6,1,2
Schuler,P,CSM ,2008,5,9.27,4,2,25,1,0,0,0,7,33,55,41,34,30,26,13,1,3,140,0.393,4,2,1,2
Ruff,P,NMHU,2014,2,8.26,1,6,22,4,0,0,0,9,40.1,57,44,37,21,34,15,0,1,172,0.331,1,9,0,2
Loseke,P,UNK ,2012,5,5.73,4,6,15,10,3,1,1,0,77,96,54,49,30,53,28,5,4,315,0.305,1,4,1,2
Lalk,P,MSUD ,2015,3,3.12,4,1,15,11,2,1,1,1,92.1,84,35,32,22,89,10,1,6,346,0.243,2,3,1,2
Loseke,P,UNK ,2012,5,5.73,4,6,15,10,3,1,1,0,77,96,54,49,30,53,28,5,4,315,0.305,1,4,1,2
Cardinale,P,CMU ,2015,1,4.8,4,3,14,13,1,0,1,0,65.2,63,42,35,41,79,13,0,1,252,0.25,9,5,1,2
Perry,P,MSUD ,2011,3,3.93,7,3,12,12,4,1,0,0,73.1,86,50,32,33,52,10,0,6,291,0.296,4,17,0,2
Garcia,P,ASU ,2016,4,5.38,7,3,16,11,4,1,0,2,78.2,107,60,47,20,66,17,2,7,328,0.326,2,7,4,2
Rogers,P,CSM,2010,7,5.53,1,5,10,9,2,0,0,0,55.1,70,42,34,9,37,14,0,11,227,0.308,4,3,1,2
Butch,P,CMU ,2008,1,6.52,6,0,16,10,0,0,0,1,49.2,66,49,36,20,29,12,1,6,211,0.313,4,9,1,2
Lalk,P,MSUD ,2015,3,3.12,4,1,15,11,2,1,1,1,92.1,84,35,32,22,89,10,1,6,346,0.243,2,3,1,2
Perry,P,MSUD ,2011,3,3.93,7,3,12,12,4,1,0,0,73.1,86,50,32,33,52,10,0,6,291,0.296,4,17,0,2
Davis,P,CMU,2010,2,5.16,7,1,12,11,2,0,0,0,68,90,43,39,22,37,10,0,14,283,0.318,3,7,0,2
Harrison,P,NMHU,2014,2,5.5,7,2,15,13,1,0,0,0,93.1,126,65,57,25,55,20,1,7,383,0.329,13,7,0,2
Garcia,P,ASU ,2016,4,5.38,7,3,16,11,4,1,0,2,78.2,107,60,47,20,66,17,2,7,328,0.326,2,7,4,2
Cardinale,P,CMU ,2015,1,4.8,4,3,14,13,1,0,1,0,65.2,63,42,35,41,79,13,0,1,252,0.25,9,5,1,2
Garcia,P,ASU ,2016,4,5.38,7,3,16,11,4,1,0,2,78.2,107,60,47,20,66,17,2,7,328,0.326,2,7,4,2
Gotsis,P,RU ,2017,6,4.1,6,5,14,14,1,1,0,0,90,95,46,41,16,74,15,2,5,287,0.273,8,5,2,2
Casas,P,MSUD ,2008,2,6.48,7,1,14,14,1,0,0,0,75,100,60,54,35,75,24,2,2,314,0.318,9,8,1,2
Heibult,P,RU ,2015,7,4.81,7,3,12,11,3,0,0,0,63.2,71,39,34,26,50,15,3,1,250,0.284,5,4,7,2
Hernandez,P,CSUP,2009,3,6.47,3,4,32,3,1,0,1,7,64,74,55,46,38,67,21,1,4,257,0.288,15,7,0,2
Romero,P,NMHU,2009,2,5.66,8,2,15,15,6,1,1,0,90.2,114,67,57,24,89,22,7,6,373,0.306,2,3,1,2
Hernandez,P,CSUP,2009,3,6.47,3,4,32,3,1,0,1,7,64,74,55,46,38,67,21,1,4,257,0.288,15,7,0,2
Evins,P,NMHU ,2011,6,5.62,4,7,13,13,1,0,0,0,81.2,99,61,51,38,72,17,3,6,332,0.298,3,5,0,2
Gojan,P,MSUD,2013,6,3.83,4,5,13,12,2,0,1,0,84.2,87,48,36,25,36,15,1,0,319,0.273,6,12,1,2
Snell,P,CMU,2013,1,2.89,7,1,14,14,0,0,1,0,84,74,42,27,46,94,8,1,2,313,0.236,7,9,5,2
Loseke,P,UNK ,2012,5,5.73,4,6,15,10,3,1,1,0,77,96,54,49,30,53,28,5,4,315,0.305,1,4,1,2
Davis,P,CMU,2014,1,3.29,7,1,14,14,0,0,0,0,82,86,37,30,24,45,12,2,1,311,0.277,2,7,0,2
Harrison,P,NMHU,2014,2,5.5,7,2,15,13,1,0,0,0,93.1,126,65,57,25,55,20,1,7,383,0.329,13,7,0,2
Struble,P,CSUP,2013,2,3.48,9,4,16,16,4,1,1,0,101,94,47,39,32,78,18,6,3,372,0.253,1,8,0,2
Gilman,P,CSM,2013,5,4.19,5,6,13,13,2,1,1,0,73,88,39,34,25,66,17,1,1,289,0.304,7,3,2,2
Davis,P,CMU,2010,2,5.16,7,1,12,11,2,0,0,0,68,90,43,39,22,37,10,0,14,283,0.318,3,7,0,2
Snell,P,CMU,2013,1,2.89,7,1,14,14,0,0,1,0,84,74,42,27,46,94,8,1,2,313,0.236,7,9,5,2
Stephens,P,CSUP,2010,5,5.33,4,4,13,7,3,0,1,2,50.2,65,35,30,19,33,14,2,5,205,0.317,4,8,0,2
Struble,P,CSUP,2013,2,3.48,9,4,16,16,4,1,1,0,101,94,47,39,32,78,18,6,3,372,0.253,1,8,0,2
Struble,P,CSUP,2013,2,3.48,9,4,16,16,4,1,1,0,101,94,47,39,32,78,18,6,3,372,0.253,1,8,0,2
